{
  "macro_f1": 0.440275589316406,
  "micro_f1": 0.8142174127575588,
  "avg_map": 0.4737028226479885,
  "recall_cls0": 1.0,
  "recall_cls1": 1.0,
  "recall_cls2": 0.0,
  "recall_cls3": 0.0,
  "recall_cls4": 0.44522741832158874,
  "precision_cls0": 0.8351204078045351,
  "precision_cls1": 0.773914571981016,
  "precision_cls2": 0.0,
  "precision_cls3": 0.0,
  "precision_cls4": 0.39511085844229676,
  "f1_cls0": 0.9101532567049808,
  "f1_cls1": 0.8725499910818685,
  "f1_cls2": 0.0,
  "f1_cls3": 0.0,
  "f1_cls4": 0.4186746987951807,
  "support_cls0": 23755,
  "support_cls1": 22014,
  "support_cls2": 1183,
  "support_cls3": 3744,
  "support_cls4": 4683,
  "pred_pos_cls0": 28445,
  "pred_pos_cls1": 28445,
  "pred_pos_cls2": 0,
  "pred_pos_cls3": 0,
  "pred_pos_cls4": 5277,
  "prob_mean_cls0": 0.786867082118988,
  "prob_mean_cls1": 0.7819657325744629,
  "prob_mean_cls2": 0.3291289210319519,
  "prob_mean_cls3": 0.38804662227630615,
  "prob_mean_cls4": 0.35059067606925964,
  "prob_pos_mean_cls0": 0.8005640506744385,
  "prob_pos_mean_cls1": 0.7863636016845703,
  "prob_pos_mean_cls2": 0.33137720823287964,
  "prob_pos_mean_cls3": 0.39070767164230347,
  "prob_pos_mean_cls4": 0.4483470320701599,
  "best_threshold_cls0": 0.6,
  "best_threshold_cls1": 0.5,
  "best_threshold_cls2": 0.05,
  "best_threshold_cls3": 0.05,
  "best_threshold_cls4": 0.44999999999999996,
  "best_precision_cls0": 0.8437253637210635,
  "best_precision_cls1": 0.773914571981016,
  "best_precision_cls2": 0.041589031464229216,
  "best_precision_cls3": 0.1316224292494287,
  "best_precision_cls4": 0.3523969722455845,
  "best_recall_cls0": 0.9911597558408756,
  "best_recall_cls1": 1.0,
  "best_recall_cls2": 1.0,
  "best_recall_cls3": 1.0,
  "best_recall_cls4": 0.6263079222720478,
  "best_f1_cls0": 0.9115193279262886,
  "best_f1_cls1": 0.8725499910818685,
  "best_f1_cls2": 0.0798568921290671,
  "best_f1_cls3": 0.2326260523781416,
  "best_f1_cls4": 0.4510226049515608,
  "best_pred_pos_cls0": 27906,
  "best_pred_pos_cls1": 28445,
  "best_pred_pos_cls2": 28445,
  "best_pred_pos_cls3": 28445,
  "best_pred_pos_cls4": 8323,
  "tail_recall": 0.44522741832158874,
  "cka": 0.5574154853820801,
  "variant_recall": 1.0
}