{
  "macro_f1": 0.44082679143106035,
  "micro_f1": 0.8142404067715906,
  "avg_map": 0.4736227390500223,
  "recall_cls0": 1.0,
  "recall_cls1": 1.0,
  "recall_cls2": 0.0,
  "recall_cls3": 0.0,
  "recall_cls4": 0.4509929532351057,
  "precision_cls0": 0.8351204078045351,
  "precision_cls1": 0.773914571981016,
  "precision_cls2": 0.0,
  "precision_cls3": 0.0,
  "precision_cls4": 0.3955056179775281,
  "f1_cls0": 0.9101532567049808,
  "f1_cls1": 0.8725499910818685,
  "f1_cls2": 0.0,
  "f1_cls3": 0.0,
  "f1_cls4": 0.42143070936845256,
  "support_cls0": 23755,
  "support_cls1": 22014,
  "support_cls2": 1183,
  "support_cls3": 3744,
  "support_cls4": 4683,
  "pred_pos_cls0": 28445,
  "pred_pos_cls1": 28445,
  "pred_pos_cls2": 0,
  "pred_pos_cls3": 0,
  "pred_pos_cls4": 5340,
  "prob_mean_cls0": 0.7881227731704712,
  "prob_mean_cls1": 0.7826980352401733,
  "prob_mean_cls2": 0.3293098211288452,
  "prob_mean_cls3": 0.3881911039352417,
  "prob_mean_cls4": 0.35208937525749207,
  "prob_pos_mean_cls0": 0.8015639781951904,
  "prob_pos_mean_cls1": 0.7870147824287415,
  "prob_pos_mean_cls2": 0.33159688115119934,
  "prob_pos_mean_cls3": 0.3908484876155853,
  "prob_pos_mean_cls4": 0.44934362173080444,
  "best_threshold_cls0": 0.6,
  "best_threshold_cls1": 0.5,
  "best_threshold_cls2": 0.05,
  "best_threshold_cls3": 0.05,
  "best_threshold_cls4": 0.44999999999999996,
  "best_precision_cls0": 0.842131580827202,
  "best_precision_cls1": 0.773914571981016,
  "best_precision_cls2": 0.041589031464229216,
  "best_precision_cls3": 0.1316224292494287,
  "best_precision_cls4": 0.3494547178757705,
  "best_recall_cls0": 0.9925489370658809,
  "best_recall_cls1": 1.0,
  "best_recall_cls2": 1.0,
  "best_recall_cls3": 1.0,
  "best_recall_cls4": 0.6295109972240017,
  "best_f1_cls0": 0.9111742314455201,
  "best_f1_cls1": 0.8725499910818685,
  "best_f1_cls2": 0.0798568921290671,
  "best_f1_cls3": 0.2326260523781416,
  "best_f1_cls4": 0.4494244988185075,
  "best_pred_pos_cls0": 27998,
  "best_pred_pos_cls1": 28445,
  "best_pred_pos_cls2": 28445,
  "best_pred_pos_cls3": 28445,
  "best_pred_pos_cls4": 8436,
  "tail_recall": 0.4509929532351057,
  "variant_recall": 1.0
}