{
  "macro_f1": 0.5327496564000461,
  "micro_f1": 0.6812828202741678,
  "avg_map": 0.5532342425729595,
  "recall_cls0": 0.860444556706239,
  "recall_cls1": 0.9029840577735386,
  "recall_cls2": 0.7718120805369127,
  "recall_cls3": 0.8946078431372549,
  "precision_cls0": 0.883142134940696,
  "precision_cls1": 0.8049313737398275,
  "precision_cls2": 0.08256748994830557,
  "precision_cls3": 0.15144180900352672,
  "f1_cls0": 0.8716456101071486,
  "f1_cls1": 0.8511430773182636,
  "f1_cls2": 0.14917628745622,
  "f1_cls3": 0.2590336507185523,
  "support_cls0": 15836,
  "support_cls1": 14678,
  "support_cls2": 745,
  "support_cls3": 2448,
  "pred_pos_cls0": 15429,
  "pred_pos_cls1": 16466,
  "pred_pos_cls2": 6964,
  "pred_pos_cls3": 14461,
  "prob_mean_cls0": 0.7958274483680725,
  "prob_mean_cls1": 0.8478467464447021,
  "prob_mean_cls2": 0.4786280691623688,
  "prob_mean_cls3": 0.679497480392456,
  "prob_pos_mean_cls0": 0.8302933573722839,
  "prob_pos_mean_cls1": 0.8738453388214111,
  "prob_pos_mean_cls2": 0.6785909533500671,
  "prob_pos_mean_cls3": 0.7724883556365967,
  "best_threshold_cls0": 0.05,
  "best_threshold_cls1": 0.05,
  "best_threshold_cls2": 0.875,
  "best_threshold_cls3": 0.8,
  "best_precision_cls0": 0.8402398259669974,
  "best_precision_cls1": 0.7787976866344777,
  "best_precision_cls2": 0.26430517711171664,
  "best_precision_cls3": 0.17515164644714037,
  "best_recall_cls0": 1.0,
  "best_recall_cls1": 1.0,
  "best_recall_cls2": 0.26040268456375837,
  "best_recall_cls3": 0.6605392156862745,
  "best_f1_cls0": 0.9131851339272843,
  "best_f1_cls1": 0.8756450410141685,
  "best_f1_cls2": 0.2623394185260311,
  "best_f1_cls3": 0.2768835616438356,
  "best_pred_pos_cls0": 18847,
  "best_pred_pos_cls1": 18847,
  "best_pred_pos_cls2": 734,
  "best_pred_pos_cls3": 9232,
  "tail_recall": 0.8946078431372549,
  "auroc": 0.376777056693373,
  "fpr95": 0.96875,
  "variant_recall": 1.0
}