{
  "macro_f1": 0.9008389677918044,
  "micro_f1": 0.9011638211141962,
  "avg_map": 0.8242539514266511,
  "recall_cls0": 1.0,
  "recall_cls1": 1.0,
  "precision_cls0": 0.8513978494623656,
  "precision_cls1": 0.7888172043010753,
  "f1_cls0": 0.9197351608781508,
  "f1_cls1": 0.881942774705458,
  "support_cls0": 7918,
  "support_cls1": 7336,
  "pred_pos_cls0": 9300,
  "pred_pos_cls1": 9300,
  "prob_mean_cls0": 0.9104981422424316,
  "prob_mean_cls1": 0.8812628388404846,
  "prob_pos_mean_cls0": 0.9104954600334167,
  "prob_pos_mean_cls1": 0.8813115358352661,
  "best_threshold_cls0": 0.5,
  "best_threshold_cls1": 0.5,
  "best_precision_cls0": 0.8513978494623656,
  "best_precision_cls1": 0.7888172043010753,
  "best_recall_cls0": 1.0,
  "best_recall_cls1": 1.0,
  "best_f1_cls0": 0.9197351608781508,
  "best_f1_cls1": 0.881942774705458,
  "best_pred_pos_cls0": 9300,
  "best_pred_pos_cls1": 9300,
  "tail_recall": 1.0,
  "auroc": 0.42961180255693854,
  "fpr95": 0.9606299212598425,
  "variant_recall": 1.0
}