{
  "legacy__ours_stage0": {
    "macro_f1": {
      "mean": 0.9007801379384501,
      "std": 0.0,
      "n": 2,
      "values": [
        0.9007801379384501,
        0.9007801379384501
      ]
    },
    "micro_f1": {
      "mean": 0.9011014972093435,
      "std": 0.0,
      "n": 2,
      "values": [
        0.9011014972093435,
        0.9011014972093435
      ]
    },
    "avg_map": {
      "mean": 0.8347210834810626,
      "std": 0.008427470467994136,
      "n": 2,
      "values": [
        0.8262936130130685,
        0.8431485539490567
      ]
    }
  },
  "legacy__ours_stage1": {
    "macro_f1": {
      "mean": 0.4436305493896141,
      "std": 0.0,
      "n": 1,
      "values": [
        0.4436305493896141
      ]
    },
    "micro_f1": {
      "mean": 0.8448652988897195,
      "std": 0.0,
      "n": 1,
      "values": [
        0.8448652988897195
      ]
    },
    "avg_map": {
      "mean": 0.46010404141390693,
      "std": 0.0,
      "n": 1,
      "values": [
        0.46010404141390693
      ]
    }
  },
  "legacy__ours_stage2": {
    "macro_f1": {
      "mean": 0.41101087382030677,
      "std": 0.0,
      "n": 1,
      "values": [
        0.41101087382030677
      ]
    },
    "micro_f1": {
      "mean": 0.7111298660196224,
      "std": 0.0,
      "n": 1,
      "values": [
        0.7111298660196224
      ]
    },
    "avg_map": {
      "mean": 0.4031660143965866,
      "std": 0.0,
      "n": 1,
      "values": [
        0.4031660143965866
      ]
    }
  }
}