{
  "macro_f1": 0.4471121153783616,
  "micro_f1": 0.8544504963665132,
  "avg_map": 0.49379743921059993,
  "recall_cls0": 1.0,
  "recall_cls1": 1.0,
  "recall_cls2": 0.0,
  "recall_cls3": 0.0,
  "precision_cls0": 0.8399724181827826,
  "precision_cls1": 0.7784437490054633,
  "precision_cls2": 0.0,
  "precision_cls3": 0.0,
  "f1_cls0": 0.9130271844100435,
  "f1_cls1": 0.875421277103403,
  "f1_cls2": 0.0,
  "f1_cls3": 0.0,
  "support_cls0": 15836,
  "support_cls1": 14676,
  "support_cls2": 746,
  "support_cls3": 2455,
  "pred_pos_cls0": 18853,
  "pred_pos_cls1": 18853,
  "pred_pos_cls2": 0,
  "pred_pos_cls3": 0,
  "prob_mean_cls0": 0.8903347253799438,
  "prob_mean_cls1": 0.8766471147537231,
  "prob_mean_cls2": 0.4056154787540436,
  "prob_mean_cls3": 0.45584577322006226,
  "prob_pos_mean_cls0": 0.8906667232513428,
  "prob_pos_mean_cls1": 0.8773670792579651,
  "prob_pos_mean_cls2": 0.40562549233436584,
  "prob_pos_mean_cls3": 0.4571080207824707,
  "best_threshold_cls0": 0.5,
  "best_threshold_cls1": 0.05,
  "best_threshold_cls2": 0.05,
  "best_threshold_cls3": 0.05,
  "best_precision_cls0": 0.8399724181827826,
  "best_precision_cls1": 0.7784437490054633,
  "best_precision_cls2": 0.03956929931575877,
  "best_precision_cls3": 0.13021800243992998,
  "best_recall_cls0": 1.0,
  "best_recall_cls1": 1.0,
  "best_recall_cls2": 1.0,
  "best_recall_cls3": 1.0,
  "best_f1_cls0": 0.9130271844100435,
  "best_f1_cls1": 0.8754212771034031,
  "best_f1_cls2": 0.07612633297617226,
  "best_f1_cls3": 0.23042988548901822,
  "best_pred_pos_cls0": 18853,
  "best_pred_pos_cls1": 18853,
  "best_pred_pos_cls2": 18853,
  "best_pred_pos_cls3": 18853,
  "tail_recall": 0.0,
  "auroc": 0.4048054354744603,
  "fpr95": 0.90625,
  "cka": 0.877330482006073,
  "variant_recall": 1.0
}