{
  "macro_f1": 0.4354369432554875,
  "micro_f1": 0.8172276324059963,
  "avg_map": 0.4823271178992779,
  "recall_cls0": 1.0,
  "recall_cls1": 1.0,
  "recall_cls2": 0.0,
  "recall_cls3": 0.0,
  "recall_cls4": 0.3602391629297459,
  "precision_cls0": 0.8351204078045351,
  "precision_cls1": 0.773914571981016,
  "precision_cls2": 0.0,
  "precision_cls3": 0.0,
  "precision_cls4": 0.4359173126614987,
  "f1_cls0": 0.9101532567049808,
  "f1_cls1": 0.8725499910818685,
  "f1_cls2": 0.0,
  "f1_cls3": 0.0,
  "f1_cls4": 0.39448146849058807,
  "support_cls0": 23755,
  "support_cls1": 22014,
  "support_cls2": 1183,
  "support_cls3": 3744,
  "support_cls4": 4683,
  "pred_pos_cls0": 28445,
  "pred_pos_cls1": 28445,
  "pred_pos_cls2": 0,
  "pred_pos_cls3": 0,
  "pred_pos_cls4": 3870,
  "prob_mean_cls0": 0.7616301774978638,
  "prob_mean_cls1": 0.7483755946159363,
  "prob_mean_cls2": 0.3525528609752655,
  "prob_mean_cls3": 0.4002149701118469,
  "prob_mean_cls4": 0.3656054437160492,
  "prob_pos_mean_cls0": 0.77170729637146,
  "prob_pos_mean_cls1": 0.7518104314804077,
  "prob_pos_mean_cls2": 0.35597601532936096,
  "prob_pos_mean_cls3": 0.40376216173171997,
  "prob_pos_mean_cls4": 0.44904249906539917,
  "best_threshold_cls0": 0.6,
  "best_threshold_cls1": 0.5,
  "best_threshold_cls2": 0.35,
  "best_threshold_cls3": 0.39999999999999997,
  "best_threshold_cls4": 0.44999999999999996,
  "best_precision_cls0": 0.8370477466676071,
  "best_precision_cls1": 0.773914571981016,
  "best_precision_cls2": 0.047489663319551095,
  "best_precision_cls3": 0.17210132945300616,
  "best_precision_cls4": 0.33840346397246585,
  "best_recall_cls0": 0.9992422647863608,
  "best_recall_cls1": 1.0,
  "best_recall_cls2": 0.6796280642434489,
  "best_recall_cls3": 0.6949786324786325,
  "best_recall_cls4": 0.6508648302370276,
  "best_f1_cls0": 0.9109819047070788,
  "best_f1_cls1": 0.8725499910818685,
  "best_f1_cls2": 0.08877601722519737,
  "best_f1_cls3": 0.2758840057254944,
  "best_f1_cls4": 0.44528853177501826,
  "best_pred_pos_cls0": 28358,
  "best_pred_pos_cls1": 28445,
  "best_pred_pos_cls2": 16930,
  "best_pred_pos_cls3": 15119,
  "best_pred_pos_cls4": 9007,
  "tail_recall": 0.3602391629297459,
  "variant_recall": 1.0
}