{
  "macro_f1": 0.4354311055987427,
  "micro_f1": 0.8173893569004428,
  "avg_map": 0.48258950500393605,
  "recall_cls0": 1.0,
  "recall_cls1": 1.0,
  "recall_cls2": 0.0,
  "recall_cls3": 0.0,
  "recall_cls4": 0.3583173179585736,
  "precision_cls0": 0.8351204078045351,
  "precision_cls1": 0.773914571981016,
  "precision_cls2": 0.0,
  "precision_cls3": 0.0,
  "precision_cls4": 0.43869281045751635,
  "f1_cls0": 0.9101532567049808,
  "f1_cls1": 0.8725499910818685,
  "f1_cls2": 0.0,
  "f1_cls3": 0.0,
  "f1_cls4": 0.3944522802068641,
  "support_cls0": 23755,
  "support_cls1": 22014,
  "support_cls2": 1183,
  "support_cls3": 3744,
  "support_cls4": 4683,
  "pred_pos_cls0": 28445,
  "pred_pos_cls1": 28445,
  "pred_pos_cls2": 0,
  "pred_pos_cls3": 0,
  "pred_pos_cls4": 3825,
  "prob_mean_cls0": 0.7608345150947571,
  "prob_mean_cls1": 0.7477437257766724,
  "prob_mean_cls2": 0.35216060280799866,
  "prob_mean_cls3": 0.39998283982276917,
  "prob_mean_cls4": 0.3645988404750824,
  "prob_pos_mean_cls0": 0.7709989547729492,
  "prob_pos_mean_cls1": 0.7511926889419556,
  "prob_pos_mean_cls2": 0.35556769371032715,
  "prob_pos_mean_cls3": 0.40354010462760925,
  "prob_pos_mean_cls4": 0.4484083354473114,
  "best_threshold_cls0": 0.6,
  "best_threshold_cls1": 0.5,
  "best_threshold_cls2": 0.35,
  "best_threshold_cls3": 0.39999999999999997,
  "best_threshold_cls4": 0.44999999999999996,
  "best_precision_cls0": 0.8373085879613295,
  "best_precision_cls1": 0.773914571981016,
  "best_precision_cls2": 0.04711916974830013,
  "best_precision_cls3": 0.17199432317361626,
  "best_precision_cls4": 0.3400156792473961,
  "best_recall_cls0": 0.9989896863818144,
  "best_recall_cls1": 1.0,
  "best_recall_cls2": 0.6677937447168216,
  "best_recall_cls3": 0.6797542735042735,
  "best_recall_cls4": 0.6483023702754644,
  "best_f1_cls0": 0.9110313453749737,
  "best_f1_cls1": 0.8725499910818685,
  "best_f1_cls2": 0.08802718814418631,
  "best_f1_cls3": 0.27452672455638855,
  "best_f1_cls4": 0.4460769908903908,
  "best_pred_pos_cls0": 28342,
  "best_pred_pos_cls1": 28445,
  "best_pred_pos_cls2": 16766,
  "best_pred_pos_cls3": 14797,
  "best_pred_pos_cls4": 8929,
  "tail_recall": 0.3583173179585736,
  "cka": 0.3911406695842743,
  "variant_recall": 1.0
}