{
  "macro_f1": 0.4471037300084999,
  "micro_f1": 0.8544583846757029,
  "avg_map": 0.486036604785958,
  "recall_cls0": 1.0,
  "recall_cls1": 1.0,
  "recall_cls2": 0.0,
  "recall_cls3": 0.0,
  "precision_cls0": 0.8399724181827826,
  "precision_cls1": 0.7783907070492759,
  "precision_cls2": 0.0,
  "precision_cls3": 0.0,
  "f1_cls0": 0.9130271844100435,
  "f1_cls1": 0.8753877356239561,
  "f1_cls2": 0.0,
  "f1_cls3": 0.0,
  "support_cls0": 15836,
  "support_cls1": 14675,
  "support_cls2": 749,
  "support_cls3": 2450,
  "pred_pos_cls0": 18853,
  "pred_pos_cls1": 18853,
  "pred_pos_cls2": 0,
  "pred_pos_cls3": 0,
  "prob_mean_cls0": 0.8464800119400024,
  "prob_mean_cls1": 0.8446388840675354,
  "prob_mean_cls2": 0.359345018863678,
  "prob_mean_cls3": 0.40098312497138977,
  "prob_pos_mean_cls0": 0.8467012643814087,
  "prob_pos_mean_cls1": 0.8446713089942932,
  "prob_pos_mean_cls2": 0.36002373695373535,
  "prob_pos_mean_cls3": 0.4015987515449524,
  "best_threshold_cls0": 0.5,
  "best_threshold_cls1": 0.5,
  "best_threshold_cls2": 0.05,
  "best_threshold_cls3": 0.39999999999999997,
  "best_precision_cls0": 0.8399724181827826,
  "best_precision_cls1": 0.7783907070492759,
  "best_precision_cls2": 0.0397284251843208,
  "best_precision_cls3": 0.1560706241371794,
  "best_recall_cls0": 1.0,
  "best_recall_cls1": 1.0,
  "best_recall_cls2": 1.0,
  "best_recall_cls3": 0.876734693877551,
  "best_f1_cls0": 0.9130271844100435,
  "best_f1_cls1": 0.8753877356239561,
  "best_f1_cls2": 0.07642077339047036,
  "best_f1_cls3": 0.26497255288965643,
  "best_pred_pos_cls0": 18853,
  "best_pred_pos_cls1": 18853,
  "best_pred_pos_cls2": 18853,
  "best_pred_pos_cls3": 13763,
  "tail_recall": 0.0,
  "auroc": 0.47531145573648753,
  "fpr95": 0.90625,
  "variant_recall": 1.0
}