{
  "macro_f1": 0.4391465499963417,
  "micro_f1": 0.8175892128655473,
  "avg_map": 0.4872649224826572,
  "recall_cls0": 1.0,
  "recall_cls1": 1.0,
  "recall_cls2": 0.0,
  "recall_cls3": 0.0,
  "recall_cls4": 0.39056160580824256,
  "precision_cls0": 0.8354728660359442,
  "precision_cls1": 0.773914571981016,
  "precision_cls2": 0.0,
  "precision_cls3": 0.0,
  "precision_cls4": 0.43776926759214935,
  "f1_cls0": 0.9103625354487622,
  "f1_cls1": 0.8725499910818685,
  "f1_cls2": 0.0,
  "f1_cls3": 0.0,
  "f1_cls4": 0.4128202234510778,
  "support_cls0": 23755,
  "support_cls1": 22014,
  "support_cls2": 1183,
  "support_cls3": 3744,
  "support_cls4": 4683,
  "pred_pos_cls0": 28433,
  "pred_pos_cls1": 28445,
  "pred_pos_cls2": 0,
  "pred_pos_cls3": 0,
  "pred_pos_cls4": 4178,
  "prob_mean_cls0": 0.764552891254425,
  "prob_mean_cls1": 0.7474260926246643,
  "prob_mean_cls2": 0.3514653146266937,
  "prob_mean_cls3": 0.40350478887557983,
  "prob_mean_cls4": 0.36233431100845337,
  "prob_pos_mean_cls0": 0.7764827609062195,
  "prob_pos_mean_cls1": 0.7516728639602661,
  "prob_pos_mean_cls2": 0.3548865020275116,
  "prob_pos_mean_cls3": 0.4087924361228943,
  "prob_pos_mean_cls4": 0.4516559839248657,
  "best_threshold_cls0": 0.6,
  "best_threshold_cls1": 0.5,
  "best_threshold_cls2": 0.35,
  "best_threshold_cls3": 0.39999999999999997,
  "best_threshold_cls4": 0.44999999999999996,
  "best_precision_cls0": 0.8473824632246899,
  "best_precision_cls1": 0.773914571981016,
  "best_precision_cls2": 0.048195779747783746,
  "best_precision_cls3": 0.15538740274965362,
  "best_precision_cls4": 0.3401687493324789,
  "best_recall_cls0": 0.9893917070090508,
  "best_recall_cls1": 1.0,
  "best_recall_cls2": 0.6525781910397295,
  "best_recall_cls3": 0.7788461538461539,
  "best_recall_cls4": 0.680119581464873,
  "best_f1_cls0": 0.9128973995455516,
  "best_f1_cls1": 0.8725499910818685,
  "best_f1_cls2": 0.08976222312656242,
  "best_f1_cls3": 0.25908485117725455,
  "best_f1_cls4": 0.4535098960558166,
  "best_pred_pos_cls0": 27736,
  "best_pred_pos_cls1": 28445,
  "best_pred_pos_cls2": 16018,
  "best_pred_pos_cls3": 18766,
  "best_pred_pos_cls4": 9363,
  "tail_recall": 0.39056160580824256,
  "variant_recall": 1.0
}