{
  "macro_f1": 0.4395880520165617,
  "micro_f1": 0.8181583698736136,
  "avg_map": 0.4874962733387764,
  "recall_cls0": 0.9998737107977268,
  "recall_cls1": 1.0,
  "recall_cls2": 0.0,
  "recall_cls3": 0.0,
  "recall_cls4": 0.3873585308562887,
  "precision_cls0": 0.8355142816941044,
  "precision_cls1": 0.773914571981016,
  "precision_cls2": 0.0,
  "precision_cls3": 0.0,
  "precision_cls4": 0.44701823558403153,
  "f1_cls0": 0.9103347833585651,
  "f1_cls1": 0.8725499910818685,
  "f1_cls2": 0.0,
  "f1_cls3": 0.0,
  "f1_cls4": 0.415055485642375,
  "support_cls0": 23755,
  "support_cls1": 22014,
  "support_cls2": 1183,
  "support_cls3": 3744,
  "support_cls4": 4683,
  "pred_pos_cls0": 28428,
  "pred_pos_cls1": 28445,
  "pred_pos_cls2": 0,
  "pred_pos_cls3": 0,
  "pred_pos_cls4": 4058,
  "prob_mean_cls0": 0.7630540728569031,
  "prob_mean_cls1": 0.746333122253418,
  "prob_mean_cls2": 0.3509434461593628,
  "prob_mean_cls3": 0.4030218720436096,
  "prob_mean_cls4": 0.3607180416584015,
  "prob_pos_mean_cls0": 0.7751695513725281,
  "prob_pos_mean_cls1": 0.750642716884613,
  "prob_pos_mean_cls2": 0.35436269640922546,
  "prob_pos_mean_cls3": 0.4083610475063324,
  "prob_pos_mean_cls4": 0.45055264234542847,
  "best_threshold_cls0": 0.6,
  "best_threshold_cls1": 0.5,
  "best_threshold_cls2": 0.35,
  "best_threshold_cls3": 0.39999999999999997,
  "best_threshold_cls4": 0.44999999999999996,
  "best_precision_cls0": 0.8487653205105029,
  "best_precision_cls1": 0.773914571981016,
  "best_precision_cls2": 0.048319594166138236,
  "best_precision_cls3": 0.1563533814198167,
  "best_precision_cls4": 0.34287883718407636,
  "best_recall_cls0": 0.9882551041885919,
  "best_recall_cls1": 1.0,
  "best_recall_cls2": 0.6441251056635672,
  "best_recall_cls3": 0.7700320512820513,
  "best_recall_cls4": 0.6749946615417467,
  "best_f1_cls0": 0.9132142996071109,
  "best_f1_cls1": 0.8725499910818685,
  "best_f1_cls2": 0.08989559370023005,
  "best_f1_cls3": 0.25992877428661587,
  "best_f1_cls4": 0.45475471155229463,
  "best_pred_pos_cls0": 27659,
  "best_pred_pos_cls1": 28445,
  "best_pred_pos_cls2": 15770,
  "best_pred_pos_cls3": 18439,
  "best_pred_pos_cls4": 9219,
  "tail_recall": 0.3873585308562887,
  "cka": 0.3276684582233429,
  "variant_recall": 1.0
}