{
  "macro_f1": 0.4418889431525078,
  "micro_f1": 0.8124889035432572,
  "avg_map": 0.4728046158697553,
  "recall_cls0": 1.0,
  "recall_cls1": 1.0,
  "recall_cls2": 0.0,
  "recall_cls3": 0.0,
  "recall_cls4": 0.4872944693572496,
  "precision_cls0": 0.8351204078045351,
  "precision_cls1": 0.773914571981016,
  "precision_cls2": 0.0,
  "precision_cls3": 0.0,
  "precision_cls4": 0.3795741849634065,
  "f1_cls0": 0.9101532567049808,
  "f1_cls1": 0.8725499910818685,
  "f1_cls2": 0.0,
  "f1_cls3": 0.0,
  "f1_cls4": 0.42674146797568957,
  "support_cls0": 23755,
  "support_cls1": 22014,
  "support_cls2": 1183,
  "support_cls3": 3744,
  "support_cls4": 4683,
  "pred_pos_cls0": 28445,
  "pred_pos_cls1": 28445,
  "pred_pos_cls2": 0,
  "pred_pos_cls3": 0,
  "pred_pos_cls4": 6012,
  "prob_mean_cls0": 0.7811497449874878,
  "prob_mean_cls1": 0.7794386148452759,
  "prob_mean_cls2": 0.3267224133014679,
  "prob_mean_cls3": 0.38526052236557007,
  "prob_mean_cls4": 0.36371946334838867,
  "prob_pos_mean_cls0": 0.7922812104225159,
  "prob_pos_mean_cls1": 0.7829484939575195,
  "prob_pos_mean_cls2": 0.33205413818359375,
  "prob_pos_mean_cls3": 0.3879648745059967,
  "prob_pos_mean_cls4": 0.45905664563179016,
  "best_threshold_cls0": 0.6,
  "best_threshold_cls1": 0.5,
  "best_threshold_cls2": 0.35,
  "best_threshold_cls3": 0.05,
  "best_threshold_cls4": 0.44999999999999996,
  "best_precision_cls0": 0.8356439127375088,
  "best_precision_cls1": 0.773914571981016,
  "best_precision_cls2": 0.09567901234567901,
  "best_precision_cls3": 0.1316224292494287,
  "best_precision_cls4": 0.3254063816977724,
  "best_recall_cls0": 0.9997474215954536,
  "best_recall_cls1": 1.0,
  "best_recall_cls2": 0.07861369399830938,
  "best_recall_cls3": 1.0,
  "best_recall_cls4": 0.6925048046124279,
  "best_f1_cls0": 0.9103593675131768,
  "best_f1_cls1": 0.8725499910818685,
  "best_f1_cls2": 0.0863109048723898,
  "best_f1_cls3": 0.2326260523781416,
  "best_f1_cls4": 0.4427605979930371,
  "best_pred_pos_cls0": 28420,
  "best_pred_pos_cls1": 28445,
  "best_pred_pos_cls2": 972,
  "best_pred_pos_cls3": 28445,
  "best_pred_pos_cls4": 9966,
  "tail_recall": 0.4872944693572496,
  "variant_recall": 1.0
}