{
  "macro_f1": 0.441815457285751,
  "micro_f1": 0.8125634260198904,
  "avg_map": 0.47300618082610546,
  "recall_cls0": 1.0,
  "recall_cls1": 1.0,
  "recall_cls2": 0.0,
  "recall_cls3": 0.0,
  "recall_cls4": 0.4853726243860773,
  "precision_cls0": 0.8351204078045351,
  "precision_cls1": 0.773914571981016,
  "precision_cls2": 0.0,
  "precision_cls3": 0.0,
  "precision_cls4": 0.38016390700786085,
  "f1_cls0": 0.9101532567049808,
  "f1_cls1": 0.8725499910818685,
  "f1_cls2": 0.0,
  "f1_cls3": 0.0,
  "f1_cls4": 0.4263740386419058,
  "support_cls0": 23755,
  "support_cls1": 22014,
  "support_cls2": 1183,
  "support_cls3": 3744,
  "support_cls4": 4683,
  "pred_pos_cls0": 28445,
  "pred_pos_cls1": 28445,
  "pred_pos_cls2": 0,
  "pred_pos_cls3": 0,
  "pred_pos_cls4": 5979,
  "prob_mean_cls0": 0.780604898929596,
  "prob_mean_cls1": 0.7790193557739258,
  "prob_mean_cls2": 0.32646530866622925,
  "prob_mean_cls3": 0.38510528206825256,
  "prob_mean_cls4": 0.3628644049167633,
  "prob_pos_mean_cls0": 0.7918369174003601,
  "prob_pos_mean_cls1": 0.7825475335121155,
  "prob_pos_mean_cls2": 0.33177822828292847,
  "prob_pos_mean_cls3": 0.38782671093940735,
  "prob_pos_mean_cls4": 0.45863887667655945,
  "best_threshold_cls0": 0.6,
  "best_threshold_cls1": 0.5,
  "best_threshold_cls2": 0.35,
  "best_threshold_cls3": 0.05,
  "best_threshold_cls4": 0.44999999999999996,
  "best_precision_cls0": 0.8356265615652603,
  "best_precision_cls1": 0.773914571981016,
  "best_precision_cls2": 0.0926517571884984,
  "best_precision_cls3": 0.1316224292494287,
  "best_precision_cls4": 0.3265470671235638,
  "best_recall_cls0": 0.9996211323931804,
  "best_recall_cls1": 1.0,
  "best_recall_cls2": 0.073541842772612,
  "best_recall_cls3": 1.0,
  "best_recall_cls4": 0.6918641896220371,
  "best_f1_cls0": 0.9102967108793989,
  "best_f1_cls1": 0.8725499910818685,
  "best_f1_cls2": 0.08199811498586239,
  "best_f1_cls3": 0.2326260523781416,
  "best_f1_cls4": 0.4436836699760356,
  "best_pred_pos_cls0": 28417,
  "best_pred_pos_cls1": 28445,
  "best_pred_pos_cls2": 939,
  "best_pred_pos_cls3": 28445,
  "best_pred_pos_cls4": 9922,
  "tail_recall": 0.4853726243860773,
  "cka": 0.5821548104286194,
  "variant_recall": 1.0
}