{
  "macro_f1": 0.900799746493344,
  "micro_f1": 0.9011222681630242,
  "avg_map": 0.9004001101534341,
  "recall_cls0": 1.0,
  "recall_cls1": 1.0,
  "precision_cls0": 0.8512147925177381,
  "precision_cls1": 0.7888626101913567,
  "f1_cls0": 0.9196283391405342,
  "f1_cls1": 0.8819711538461539,
  "support_cls0": 7918,
  "support_cls1": 7338,
  "pred_pos_cls0": 9302,
  "pred_pos_cls1": 9302,
  "prob_mean_cls0": 0.9581326246261597,
  "prob_mean_cls1": 0.923379123210907,
  "prob_pos_mean_cls0": 0.9602810144424438,
  "prob_pos_mean_cls1": 0.9290449619293213,
  "best_threshold_cls0": 0.5,
  "best_threshold_cls1": 0.5,
  "best_precision_cls0": 0.8512147925177381,
  "best_precision_cls1": 0.7888626101913567,
  "best_recall_cls0": 1.0,
  "best_recall_cls1": 1.0,
  "best_f1_cls0": 0.9196283391405342,
  "best_f1_cls1": 0.8819711538461539,
  "best_pred_pos_cls0": 9302,
  "best_pred_pos_cls1": 9302,
  "tail_recall": 1.0,
  "auroc": 0.4682532150344012,
  "fpr95": 0.9453125,
  "variant_recall": 1.0
}