{
  "macro_f1": 0.5437719556225058,
  "micro_f1": 0.686226786250125,
  "avg_map": 0.6372646711719947,
  "recall_cls0": 0.9016165698408689,
  "recall_cls1": 0.9300994685924513,
  "recall_cls2": 0.912751677852349,
  "recall_cls3": 0.9244281045751634,
  "precision_cls0": 0.8703974640331626,
  "precision_cls1": 0.8056653880200649,
  "precision_cls2": 0.10259505129752565,
  "precision_cls3": 0.13887695612150966,
  "f1_cls0": 0.8857320099255583,
  "f1_cls1": 0.8634221927078393,
  "f1_cls2": 0.18445680184456803,
  "f1_cls3": 0.24147681801205784,
  "support_cls0": 15836,
  "support_cls1": 14678,
  "support_cls2": 745,
  "support_cls3": 2448,
  "pred_pos_cls0": 16404,
  "pred_pos_cls1": 16945,
  "pred_pos_cls2": 6628,
  "pred_pos_cls3": 16295,
  "prob_mean_cls0": 0.8243870735168457,
  "prob_mean_cls1": 0.8602278232574463,
  "prob_mean_cls2": 0.4352247416973114,
  "prob_mean_cls3": 0.7846574783325195,
  "prob_pos_mean_cls0": 0.8546874523162842,
  "prob_pos_mean_cls1": 0.8929508328437805,
  "prob_pos_mean_cls2": 0.8572607040405273,
  "prob_pos_mean_cls3": 0.8606899380683899,
  "best_threshold_cls0": 0.05,
  "best_threshold_cls1": 0.05,
  "best_threshold_cls2": 0.95,
  "best_threshold_cls3": 0.95,
  "best_precision_cls0": 0.8417458115462597,
  "best_precision_cls1": 0.781740523224773,
  "best_precision_cls2": 0.44518272425249167,
  "best_precision_cls3": 0.2603592814371257,
  "best_recall_cls0": 0.9962111644354635,
  "best_recall_cls1": 0.9975473497751737,
  "best_recall_cls2": 0.5395973154362416,
  "best_recall_cls3": 0.4440359477124183,
  "best_f1_cls0": 0.9124877089478859,
  "best_f1_cls1": 0.8765565134099617,
  "best_f1_cls2": 0.4878640776699029,
  "best_f1_cls3": 0.3282500377472444,
  "best_pred_pos_cls0": 18742,
  "best_pred_pos_cls1": 18730,
  "best_pred_pos_cls2": 903,
  "best_pred_pos_cls3": 4175,
  "tail_recall": 0.9244281045751634,
  "auroc": 0.37213440799596753,
  "fpr95": 0.96875,
  "variant_recall": 1.0
}