{
  "macro_f1": 0.9008389677918044,
  "micro_f1": 0.9011638211141962,
  "avg_map": 0.8300511692883025,
  "recall_cls0": 1.0,
  "recall_cls1": 1.0,
  "precision_cls0": 0.8513978494623656,
  "precision_cls1": 0.7888172043010753,
  "f1_cls0": 0.9197351608781508,
  "f1_cls1": 0.881942774705458,
  "support_cls0": 7918,
  "support_cls1": 7336,
  "pred_pos_cls0": 9300,
  "pred_pos_cls1": 9300,
  "prob_mean_cls0": 0.9067630767822266,
  "prob_mean_cls1": 0.881920337677002,
  "prob_pos_mean_cls0": 0.9067869782447815,
  "prob_pos_mean_cls1": 0.8819749355316162,
  "best_threshold_cls0": 0.5,
  "best_threshold_cls1": 0.5,
  "best_precision_cls0": 0.8513978494623656,
  "best_precision_cls1": 0.7888172043010753,
  "best_recall_cls0": 1.0,
  "best_recall_cls1": 1.0,
  "best_f1_cls0": 0.9197351608781508,
  "best_f1_cls1": 0.881942774705458,
  "best_pred_pos_cls0": 9300,
  "best_pred_pos_cls1": 9300,
  "tail_recall": 1.0,
  "auroc": 0.47000042333418,
  "fpr95": 0.952755905511811,
  "variant_recall": 1.0
}