{
  "macro_f1": 0.44255858233163503,
  "micro_f1": 0.8166305109065132,
  "avg_map": 0.48818323484592396,
  "recall_cls0": 0.9996211323931804,
  "recall_cls1": 1.0,
  "recall_cls2": 0.0,
  "recall_cls3": 0.0,
  "recall_cls4": 0.43732650010676916,
  "precision_cls0": 0.8355677539674161,
  "precision_cls1": 0.773914571981016,
  "precision_cls2": 0.0,
  "precision_cls3": 0.0,
  "precision_cls4": 0.4228783811686971,
  "f1_cls0": 0.9102618162303063,
  "f1_cls1": 0.8725499910818685,
  "f1_cls2": 0.0,
  "f1_cls3": 0.0,
  "f1_cls4": 0.4299811043460004,
  "support_cls0": 23755,
  "support_cls1": 22014,
  "support_cls2": 1183,
  "support_cls3": 3744,
  "support_cls4": 4683,
  "pred_pos_cls0": 28419,
  "pred_pos_cls1": 28445,
  "pred_pos_cls2": 0,
  "pred_pos_cls3": 0,
  "pred_pos_cls4": 4843,
  "prob_mean_cls0": 0.7573729157447815,
  "prob_mean_cls1": 0.7386093735694885,
  "prob_mean_cls2": 0.3510015308856964,
  "prob_mean_cls3": 0.40599197149276733,
  "prob_mean_cls4": 0.3595636487007141,
  "prob_pos_mean_cls0": 0.7699982523918152,
  "prob_pos_mean_cls1": 0.7434567809104919,
  "prob_pos_mean_cls2": 0.35490894317626953,
  "prob_pos_mean_cls3": 0.41118162870407104,
  "prob_pos_mean_cls4": 0.4538019597530365,
  "best_threshold_cls0": 0.6,
  "best_threshold_cls1": 0.5,
  "best_threshold_cls2": 0.35,
  "best_threshold_cls3": 0.39999999999999997,
  "best_threshold_cls4": 0.44999999999999996,
  "best_precision_cls0": 0.8515801766294431,
  "best_precision_cls1": 0.773914571981016,
  "best_precision_cls2": 0.047900427457882824,
  "best_precision_cls3": 0.1500074114333712,
  "best_precision_cls4": 0.343739837398374,
  "best_recall_cls0": 0.9823195116817512,
  "best_recall_cls1": 1.0,
  "best_recall_cls2": 0.6441251056635672,
  "best_recall_cls3": 0.8108974358974359,
  "best_recall_cls4": 0.6771300448430493,
  "best_f1_cls0": 0.9122896182340637,
  "best_f1_cls1": 0.8725499910818685,
  "best_f1_cls2": 0.08916973845883798,
  "best_f1_cls3": 0.2531793353625485,
  "best_f1_cls4": 0.4559965487489215,
  "best_pred_pos_cls0": 27402,
  "best_pred_pos_cls1": 28445,
  "best_pred_pos_cls2": 15908,
  "best_pred_pos_cls3": 20239,
  "best_pred_pos_cls4": 9225,
  "tail_recall": 0.43732650010676916,
  "variant_recall": 1.0
}