{
  "macro_f1": 0.44264455708745337,
  "micro_f1": 0.816974358974359,
  "avg_map": 0.4883128486920259,
  "recall_cls0": 0.9996211323931804,
  "recall_cls1": 1.0,
  "recall_cls2": 0.0,
  "recall_cls3": 0.0,
  "recall_cls4": 0.4341234251548153,
  "precision_cls0": 0.8358912982258518,
  "precision_cls1": 0.773914571981016,
  "precision_cls2": 0.0,
  "precision_cls3": 0.0,
  "precision_cls4": 0.4263842281879195,
  "f1_cls0": 0.9104537699135402,
  "f1_cls1": 0.8725499910818685,
  "f1_cls2": 0.0,
  "f1_cls3": 0.0,
  "f1_cls4": 0.430219024441858,
  "support_cls0": 23755,
  "support_cls1": 22014,
  "support_cls2": 1183,
  "support_cls3": 3744,
  "support_cls4": 4683,
  "pred_pos_cls0": 28408,
  "pred_pos_cls1": 28445,
  "pred_pos_cls2": 0,
  "pred_pos_cls3": 0,
  "pred_pos_cls4": 4768,
  "prob_mean_cls0": 0.7560288906097412,
  "prob_mean_cls1": 0.7376537322998047,
  "prob_mean_cls2": 0.3505394756793976,
  "prob_mean_cls3": 0.40563175082206726,
  "prob_mean_cls4": 0.3582738935947418,
  "prob_pos_mean_cls0": 0.7688164114952087,
  "prob_pos_mean_cls1": 0.7425568699836731,
  "prob_pos_mean_cls2": 0.3544592261314392,
  "prob_pos_mean_cls3": 0.4108554422855377,
  "prob_pos_mean_cls4": 0.4529306888580322,
  "best_threshold_cls0": 0.6,
  "best_threshold_cls1": 0.5,
  "best_threshold_cls2": 0.35,
  "best_threshold_cls3": 0.39999999999999997,
  "best_threshold_cls4": 0.44999999999999996,
  "best_precision_cls0": 0.8526646914664033,
  "best_precision_cls1": 0.773914571981016,
  "best_precision_cls2": 0.04783744187527868,
  "best_precision_cls3": 0.15061654435624783,
  "best_precision_cls4": 0.34640738299274887,
  "best_recall_cls0": 0.9813091980635655,
  "best_recall_cls1": 1.0,
  "best_recall_cls2": 0.6348267117497887,
  "best_recall_cls3": 0.8058226495726496,
  "best_recall_cls4": 0.6732863549007047,
  "best_f1_cls0": 0.9124750459936587,
  "best_f1_cls1": 0.8725499910818685,
  "best_f1_cls2": 0.08897050112545907,
  "best_f1_cls3": 0.2537960042060988,
  "best_f1_cls4": 0.4574537540805223,
  "best_pred_pos_cls0": 27339,
  "best_pred_pos_cls1": 28445,
  "best_pred_pos_cls2": 15699,
  "best_pred_pos_cls3": 20031,
  "best_pred_pos_cls4": 9102,
  "tail_recall": 0.4341234251548153,
  "cka": 0.3126674294471741,
  "variant_recall": 1.0
}