{
  "macro_f1": 0.4471037300084999,
  "micro_f1": 0.8544583846757029,
  "avg_map": 0.48827263658333614,
  "recall_cls0": 1.0,
  "recall_cls1": 1.0,
  "recall_cls2": 0.0,
  "recall_cls3": 0.0,
  "precision_cls0": 0.8399724181827826,
  "precision_cls1": 0.7783907070492759,
  "precision_cls2": 0.0,
  "precision_cls3": 0.0,
  "f1_cls0": 0.9130271844100435,
  "f1_cls1": 0.8753877356239561,
  "f1_cls2": 0.0,
  "f1_cls3": 0.0,
  "support_cls0": 15836,
  "support_cls1": 14675,
  "support_cls2": 749,
  "support_cls3": 2450,
  "pred_pos_cls0": 18853,
  "pred_pos_cls1": 18853,
  "pred_pos_cls2": 0,
  "pred_pos_cls3": 0,
  "prob_mean_cls0": 0.8451946973800659,
  "prob_mean_cls1": 0.8456578254699707,
  "prob_mean_cls2": 0.3534106910228729,
  "prob_mean_cls3": 0.3983101546764374,
  "prob_pos_mean_cls0": 0.8457326292991638,
  "prob_pos_mean_cls1": 0.8458504676818848,
  "prob_pos_mean_cls2": 0.35413283109664917,
  "prob_pos_mean_cls3": 0.3988104462623596,
  "best_threshold_cls0": 0.5,
  "best_threshold_cls1": 0.5,
  "best_threshold_cls2": 0.35,
  "best_threshold_cls3": 0.05,
  "best_precision_cls0": 0.8399724181827826,
  "best_precision_cls1": 0.7783907070492759,
  "best_precision_cls2": 0.04227548368466647,
  "best_precision_cls3": 0.12995279265899326,
  "best_recall_cls0": 1.0,
  "best_recall_cls1": 1.0,
  "best_recall_cls2": 0.9773030707610146,
  "best_recall_cls3": 1.0,
  "best_f1_cls0": 0.9130271844100435,
  "best_f1_cls1": 0.8753877356239561,
  "best_f1_cls2": 0.08104517271922054,
  "best_f1_cls3": 0.23001455194104117,
  "best_pred_pos_cls0": 18853,
  "best_pred_pos_cls1": 18853,
  "best_pred_pos_cls2": 17315,
  "best_pred_pos_cls3": 18853,
  "tail_recall": 0.0,
  "auroc": 0.35844345064445976,
  "fpr95": 1.0,
  "cka": 0.9127124547958374,
  "variant_recall": 1.0
}