{
  "macro_f1": 0.4471037300084999,
  "micro_f1": 0.8544583846757029,
  "avg_map": 0.488047881468013,
  "recall_cls0": 1.0,
  "recall_cls1": 1.0,
  "recall_cls2": 0.0,
  "recall_cls3": 0.0,
  "precision_cls0": 0.8399724181827826,
  "precision_cls1": 0.7783907070492759,
  "precision_cls2": 0.0,
  "precision_cls3": 0.0,
  "f1_cls0": 0.9130271844100435,
  "f1_cls1": 0.8753877356239561,
  "f1_cls2": 0.0,
  "f1_cls3": 0.0,
  "support_cls0": 15836,
  "support_cls1": 14675,
  "support_cls2": 749,
  "support_cls3": 2450,
  "pred_pos_cls0": 18853,
  "pred_pos_cls1": 18853,
  "pred_pos_cls2": 0,
  "pred_pos_cls3": 0,
  "prob_mean_cls0": 0.8455974459648132,
  "prob_mean_cls1": 0.8458989858627319,
  "prob_mean_cls2": 0.3537258207798004,
  "prob_mean_cls3": 0.39846375584602356,
  "prob_pos_mean_cls0": 0.8461301922798157,
  "prob_pos_mean_cls1": 0.846089780330658,
  "prob_pos_mean_cls2": 0.35444143414497375,
  "prob_pos_mean_cls3": 0.39896050095558167,
  "best_threshold_cls0": 0.5,
  "best_threshold_cls1": 0.5,
  "best_threshold_cls2": 0.35,
  "best_threshold_cls3": 0.39999999999999997,
  "best_precision_cls0": 0.8399724181827826,
  "best_precision_cls1": 0.7783907070492759,
  "best_precision_cls2": 0.041748830920051834,
  "best_precision_cls3": 0.19605781865965835,
  "best_recall_cls0": 1.0,
  "best_recall_cls1": 1.0,
  "best_recall_cls2": 0.9893190921228304,
  "best_recall_cls3": 0.30448979591836733,
  "best_f1_cls0": 0.9130271844100435,
  "best_f1_cls1": 0.8753877356239561,
  "best_f1_cls2": 0.08011676938047356,
  "best_f1_cls3": 0.23852917665867307,
  "best_pred_pos_cls0": 18853,
  "best_pred_pos_cls1": 18853,
  "best_pred_pos_cls2": 17749,
  "best_pred_pos_cls3": 3805,
  "tail_recall": 0.0,
  "auroc": 0.4644386834986475,
  "fpr95": 0.9375,
  "variant_recall": 1.0
}