{
  "macro_f1": 0.3605734157829527,
  "micro_f1": 0.815633706284992,
  "avg_map": 0.4677891546962978,
  "recall_cls0": 1.0,
  "recall_cls1": 1.0,
  "recall_cls2": 0.0,
  "recall_cls3": 0.0,
  "recall_cls4": 0.010249839846252402,
  "precision_cls0": 0.8351204078045351,
  "precision_cls1": 0.773914571981016,
  "precision_cls2": 0.0,
  "precision_cls3": 0.0,
  "precision_cls4": 0.6153846153846154,
  "f1_cls0": 0.9101532567049808,
  "f1_cls1": 0.8725499910818685,
  "f1_cls2": 0.0,
  "f1_cls3": 0.0,
  "f1_cls4": 0.020163831127914304,
  "support_cls0": 23755,
  "support_cls1": 22014,
  "support_cls2": 1183,
  "support_cls3": 3744,
  "support_cls4": 4683,
  "pred_pos_cls0": 28445,
  "pred_pos_cls1": 28445,
  "pred_pos_cls2": 0,
  "pred_pos_cls3": 0,
  "pred_pos_cls4": 78,
  "prob_mean_cls0": 0.7717944979667664,
  "prob_mean_cls1": 0.7555002570152283,
  "prob_mean_cls2": 0.35260289907455444,
  "prob_mean_cls3": 0.4139557182788849,
  "prob_mean_cls4": 0.3772021234035492,
  "prob_pos_mean_cls0": 0.7788508534431458,
  "prob_pos_mean_cls1": 0.7578442692756653,
  "prob_pos_mean_cls2": 0.3566325008869171,
  "prob_pos_mean_cls3": 0.41577476263046265,
  "prob_pos_mean_cls4": 0.43179529905319214,
  "best_threshold_cls0": 0.65,
  "best_threshold_cls1": 0.5,
  "best_threshold_cls2": 0.35,
  "best_threshold_cls3": 0.39999999999999997,
  "best_threshold_cls4": 0.39999999999999997,
  "best_precision_cls0": 0.8387781828478391,
  "best_precision_cls1": 0.773914571981016,
  "best_precision_cls2": 0.04635341597002018,
  "best_precision_cls3": 0.13340067097146568,
  "best_precision_cls4": 0.2890381779452728,
  "best_recall_cls0": 0.9976005051568091,
  "best_recall_cls1": 1.0,
  "best_recall_cls2": 0.6796280642434489,
  "best_recall_cls3": 0.9877136752136753,
  "best_recall_cls4": 0.7533632286995515,
  "best_f1_cls0": 0.9113213351792032,
  "best_f1_cls1": 0.8725499910818685,
  "best_f1_cls2": 0.08678756476683938,
  "best_f1_cls3": 0.23505482281900525,
  "best_f1_cls4": 0.41778672508733494,
  "best_pred_pos_cls0": 28253,
  "best_pred_pos_cls1": 28445,
  "best_pred_pos_cls2": 17345,
  "best_pred_pos_cls3": 27721,
  "best_pred_pos_cls4": 12206,
  "tail_recall": 0.010249839846252402,
  "cka": 0.38578739762306213,
  "variant_recall": 1.0
}