{
  "macro_f1": 0.3605734157829527,
  "micro_f1": 0.815633706284992,
  "avg_map": 0.4676396723118993,
  "recall_cls0": 1.0,
  "recall_cls1": 1.0,
  "recall_cls2": 0.0,
  "recall_cls3": 0.0,
  "recall_cls4": 0.010249839846252402,
  "precision_cls0": 0.8351204078045351,
  "precision_cls1": 0.773914571981016,
  "precision_cls2": 0.0,
  "precision_cls3": 0.0,
  "precision_cls4": 0.6153846153846154,
  "f1_cls0": 0.9101532567049808,
  "f1_cls1": 0.8725499910818685,
  "f1_cls2": 0.0,
  "f1_cls3": 0.0,
  "f1_cls4": 0.020163831127914304,
  "support_cls0": 23755,
  "support_cls1": 22014,
  "support_cls2": 1183,
  "support_cls3": 3744,
  "support_cls4": 4683,
  "pred_pos_cls0": 28445,
  "pred_pos_cls1": 28445,
  "pred_pos_cls2": 0,
  "pred_pos_cls3": 0,
  "pred_pos_cls4": 78,
  "prob_mean_cls0": 0.7726694941520691,
  "prob_mean_cls1": 0.7563076615333557,
  "prob_mean_cls2": 0.3530943989753723,
  "prob_mean_cls3": 0.41409552097320557,
  "prob_mean_cls4": 0.37814876437187195,
  "prob_pos_mean_cls0": 0.7796384692192078,
  "prob_pos_mean_cls1": 0.7586234211921692,
  "prob_pos_mean_cls2": 0.35714054107666016,
  "prob_pos_mean_cls3": 0.41591888666152954,
  "prob_pos_mean_cls4": 0.43251386284828186,
  "best_threshold_cls0": 0.65,
  "best_threshold_cls1": 0.5,
  "best_threshold_cls2": 0.35,
  "best_threshold_cls3": 0.39999999999999997,
  "best_threshold_cls4": 0.44999999999999996,
  "best_precision_cls0": 0.838308105814118,
  "best_precision_cls1": 0.773914571981016,
  "best_precision_cls2": 0.04654611830471736,
  "best_precision_cls3": 0.13346541786743515,
  "best_precision_cls4": 0.3448563098708871,
  "best_recall_cls0": 0.9978530835613555,
  "best_recall_cls1": 1.0,
  "best_recall_cls2": 0.6897717666948436,
  "best_recall_cls3": 0.9895833333333334,
  "best_recall_cls4": 0.5304292120435619,
  "best_f1_cls0": 0.9111491226384271,
  "best_f1_cls1": 0.8725499910818685,
  "best_f1_cls2": 0.08720743828150049,
  "best_f1_cls3": 0.2352082275266633,
  "best_f1_cls4": 0.41797072185764766,
  "best_pred_pos_cls0": 28276,
  "best_pred_pos_cls1": 28445,
  "best_pred_pos_cls2": 17531,
  "best_pred_pos_cls3": 27760,
  "best_pred_pos_cls4": 7203,
  "tail_recall": 0.010249839846252402,
  "variant_recall": 1.0
}