{
  "macro_f1": 0.3593219390643231,
  "micro_f1": 0.8154755546059894,
  "avg_map": 0.4686565377831446,
  "recall_cls0": 1.0,
  "recall_cls1": 1.0,
  "recall_cls2": 0.0,
  "recall_cls3": 0.0,
  "recall_cls4": 0.007046764894298526,
  "precision_cls0": 0.8351204078045351,
  "precision_cls1": 0.773914571981016,
  "precision_cls2": 0.0,
  "precision_cls3": 0.0,
  "precision_cls4": 0.5238095238095238,
  "f1_cls0": 0.9101532567049808,
  "f1_cls1": 0.8725499910818685,
  "f1_cls2": 0.0,
  "f1_cls3": 0.0,
  "f1_cls4": 0.01390644753476612,
  "support_cls0": 23755,
  "support_cls1": 22014,
  "support_cls2": 1183,
  "support_cls3": 3744,
  "support_cls4": 4683,
  "pred_pos_cls0": 28445,
  "pred_pos_cls1": 28445,
  "pred_pos_cls2": 0,
  "pred_pos_cls3": 0,
  "pred_pos_cls4": 63,
  "prob_mean_cls0": 0.840599000453949,
  "prob_mean_cls1": 0.8146401643753052,
  "prob_mean_cls2": 0.3429984152317047,
  "prob_mean_cls3": 0.4160914421081543,
  "prob_mean_cls4": 0.44922274351119995,
  "prob_pos_mean_cls0": 0.8426693081855774,
  "prob_pos_mean_cls1": 0.8158811926841736,
  "prob_pos_mean_cls2": 0.34426721930503845,
  "prob_pos_mean_cls3": 0.419391393661499,
  "prob_pos_mean_cls4": 0.46758636832237244,
  "best_threshold_cls0": 0.5,
  "best_threshold_cls1": 0.5,
  "best_threshold_cls2": 0.05,
  "best_threshold_cls3": 0.425,
  "best_threshold_cls4": 0.425,
  "best_precision_cls0": 0.8351204078045351,
  "best_precision_cls1": 0.773914571981016,
  "best_precision_cls2": 0.041589031464229216,
  "best_precision_cls3": 0.18749119594309058,
  "best_precision_cls4": 0.19456650329558897,
  "best_recall_cls0": 1.0,
  "best_recall_cls1": 1.0,
  "best_recall_cls2": 1.0,
  "best_recall_cls3": 0.35550213675213677,
  "best_recall_cls4": 0.9833440102498399,
  "best_f1_cls0": 0.9101532567049808,
  "best_f1_cls1": 0.8725499910818685,
  "best_f1_cls2": 0.07985689212906709,
  "best_f1_cls3": 0.24550401180485107,
  "best_f1_cls4": 0.32485626609290674,
  "best_pred_pos_cls0": 28445,
  "best_pred_pos_cls1": 28445,
  "best_pred_pos_cls2": 28445,
  "best_pred_pos_cls3": 7099,
  "best_pred_pos_cls4": 23668,
  "tail_recall": 0.007046764894298526,
  "variant_recall": 1.0
}