{
  "macro_f1": 0.3593201820905348,
  "micro_f1": 0.815453776650198,
  "avg_map": 0.4686878048199013,
  "recall_cls0": 1.0,
  "recall_cls1": 1.0,
  "recall_cls2": 0.0,
  "recall_cls3": 0.0,
  "recall_cls4": 0.007046764894298526,
  "precision_cls0": 0.8351204078045351,
  "precision_cls1": 0.773914571981016,
  "precision_cls2": 0.0,
  "precision_cls3": 0.0,
  "precision_cls4": 0.5,
  "f1_cls0": 0.9101532567049808,
  "f1_cls1": 0.8725499910818685,
  "f1_cls2": 0.0,
  "f1_cls3": 0.0,
  "f1_cls4": 0.013897662665824383,
  "support_cls0": 23755,
  "support_cls1": 22014,
  "support_cls2": 1183,
  "support_cls3": 3744,
  "support_cls4": 4683,
  "pred_pos_cls0": 28445,
  "pred_pos_cls1": 28445,
  "pred_pos_cls2": 0,
  "pred_pos_cls3": 0,
  "pred_pos_cls4": 66,
  "prob_mean_cls0": 0.8406646847724915,
  "prob_mean_cls1": 0.8145638704299927,
  "prob_mean_cls2": 0.3429623544216156,
  "prob_mean_cls3": 0.4159969687461853,
  "prob_mean_cls4": 0.4493364691734314,
  "prob_pos_mean_cls0": 0.8427404165267944,
  "prob_pos_mean_cls1": 0.8158081769943237,
  "prob_pos_mean_cls2": 0.34424078464508057,
  "prob_pos_mean_cls3": 0.41930627822875977,
  "prob_pos_mean_cls4": 0.4677899181842804,
  "best_threshold_cls0": 0.5,
  "best_threshold_cls1": 0.5,
  "best_threshold_cls2": 0.05,
  "best_threshold_cls3": 0.425,
  "best_threshold_cls4": 0.425,
  "best_precision_cls0": 0.8351204078045351,
  "best_precision_cls1": 0.773914571981016,
  "best_precision_cls2": 0.041589031464229216,
  "best_precision_cls3": 0.18818194700297577,
  "best_precision_cls4": 0.1946898913457067,
  "best_recall_cls0": 1.0,
  "best_recall_cls1": 1.0,
  "best_recall_cls2": 1.0,
  "best_recall_cls3": 0.3547008547008547,
  "best_recall_cls4": 0.9833440102498399,
  "best_f1_cls0": 0.9101532567049808,
  "best_f1_cls1": 0.8725499910818685,
  "best_f1_cls2": 0.07985689212906709,
  "best_f1_cls3": 0.24590315711508196,
  "best_f1_cls4": 0.3250282326369283,
  "best_pred_pos_cls0": 28445,
  "best_pred_pos_cls1": 28445,
  "best_pred_pos_cls2": 28445,
  "best_pred_pos_cls3": 7057,
  "best_pred_pos_cls4": 23653,
  "tail_recall": 0.007046764894298526,
  "cka": 0.41276663541793823,
  "variant_recall": 1.0
}