{
  "macro_f1": 0.9007801379384501,
  "micro_f1": 0.9011014972093435,
  "avg_map": 0.882562722556355,
  "recall_cls0": 1.0,
  "recall_cls1": 1.0,
  "precision_cls0": 0.8511232935612169,
  "precision_cls1": 0.7888853058153283,
  "f1_cls0": 0.9195749375762151,
  "f1_cls1": 0.881985338300685,
  "support_cls0": 7918,
  "support_cls1": 7339,
  "pred_pos_cls0": 9303,
  "pred_pos_cls1": 9303,
  "prob_mean_cls0": 0.9335210919380188,
  "prob_mean_cls1": 0.8889437317848206,
  "prob_pos_mean_cls0": 0.9355253577232361,
  "prob_pos_mean_cls1": 0.8920086026191711,
  "best_threshold_cls0": 0.5,
  "best_threshold_cls1": 0.5,
  "best_precision_cls0": 0.8511232935612169,
  "best_precision_cls1": 0.7888853058153283,
  "best_recall_cls0": 1.0,
  "best_recall_cls1": 1.0,
  "best_f1_cls0": 0.9195749375762151,
  "best_f1_cls1": 0.881985338300685,
  "best_pred_pos_cls0": 9303,
  "best_pred_pos_cls1": 9303,
  "tail_recall": 1.0,
  "auroc": 0.4370231091316745,
  "fpr95": 0.9448818897637795,
  "variant_recall": 1.0
}