{
  "macro_f1": 0.35679673150359265,
  "micro_f1": 0.8153769417129828,
  "avg_map": 0.4482970178338045,
  "recall_cls0": 1.0,
  "recall_cls1": 1.0,
  "recall_cls2": 0.0,
  "recall_cls3": 0.0,
  "recall_cls4": 0.0006406149903907751,
  "precision_cls0": 0.8351204078045351,
  "precision_cls1": 0.773914571981016,
  "precision_cls2": 0.0,
  "precision_cls3": 0.0,
  "precision_cls4": 1.0,
  "f1_cls0": 0.9101532567049808,
  "f1_cls1": 0.8725499910818685,
  "f1_cls2": 0.0,
  "f1_cls3": 0.0,
  "f1_cls4": 0.0012804097311139564,
  "support_cls0": 23755,
  "support_cls1": 22014,
  "support_cls2": 1183,
  "support_cls3": 3744,
  "support_cls4": 4683,
  "pred_pos_cls0": 28445,
  "pred_pos_cls1": 28445,
  "pred_pos_cls2": 0,
  "pred_pos_cls3": 0,
  "pred_pos_cls4": 3,
  "prob_mean_cls0": 0.7920171022415161,
  "prob_mean_cls1": 0.775646448135376,
  "prob_mean_cls2": 0.3498678207397461,
  "prob_mean_cls3": 0.3935054838657379,
  "prob_mean_cls4": 0.40411341190338135,
  "prob_pos_mean_cls0": 0.7930359244346619,
  "prob_pos_mean_cls1": 0.7772413492202759,
  "prob_pos_mean_cls2": 0.35222139954566956,
  "prob_pos_mean_cls3": 0.3977203667163849,
  "prob_pos_mean_cls4": 0.42104560136795044,
  "best_threshold_cls0": 0.5,
  "best_threshold_cls1": 0.5,
  "best_threshold_cls2": 0.35,
  "best_threshold_cls3": 0.35,
  "best_threshold_cls4": 0.425,
  "best_precision_cls0": 0.8351204078045351,
  "best_precision_cls1": 0.773914571981016,
  "best_precision_cls2": 0.04850567364551702,
  "best_precision_cls3": 0.13426846329430822,
  "best_precision_cls4": 0.3383177570093458,
  "best_recall_cls0": 1.0,
  "best_recall_cls1": 1.0,
  "best_recall_cls2": 0.5131022823330516,
  "best_recall_cls3": 0.9740918803418803,
  "best_recall_cls4": 0.42515481528934446,
  "best_f1_cls0": 0.9101532567049808,
  "best_f1_cls1": 0.8725499910818685,
  "best_f1_cls2": 0.0886325472731255,
  "best_f1_cls3": 0.23600595353653012,
  "best_f1_cls4": 0.3767978803936412,
  "best_pred_pos_cls0": 28445,
  "best_pred_pos_cls1": 28445,
  "best_pred_pos_cls2": 12514,
  "best_pred_pos_cls3": 27162,
  "best_pred_pos_cls4": 5885,
  "tail_recall": 0.0006406149903907751,
  "variant_recall": 1.0
}