{
  "macro_f1": 0.35679673150359265,
  "micro_f1": 0.8153769417129828,
  "avg_map": 0.44812718203056007,
  "recall_cls0": 1.0,
  "recall_cls1": 1.0,
  "recall_cls2": 0.0,
  "recall_cls3": 0.0,
  "recall_cls4": 0.0006406149903907751,
  "precision_cls0": 0.8351204078045351,
  "precision_cls1": 0.773914571981016,
  "precision_cls2": 0.0,
  "precision_cls3": 0.0,
  "precision_cls4": 1.0,
  "f1_cls0": 0.9101532567049808,
  "f1_cls1": 0.8725499910818685,
  "f1_cls2": 0.0,
  "f1_cls3": 0.0,
  "f1_cls4": 0.0012804097311139564,
  "support_cls0": 23755,
  "support_cls1": 22014,
  "support_cls2": 1183,
  "support_cls3": 3744,
  "support_cls4": 4683,
  "pred_pos_cls0": 28445,
  "pred_pos_cls1": 28445,
  "pred_pos_cls2": 0,
  "pred_pos_cls3": 0,
  "pred_pos_cls4": 3,
  "prob_mean_cls0": 0.7930573225021362,
  "prob_mean_cls1": 0.7775405645370483,
  "prob_mean_cls2": 0.3500836193561554,
  "prob_mean_cls3": 0.3934355080127716,
  "prob_mean_cls4": 0.4056233763694763,
  "prob_pos_mean_cls0": 0.7941694259643555,
  "prob_pos_mean_cls1": 0.7791812419891357,
  "prob_pos_mean_cls2": 0.3526068329811096,
  "prob_pos_mean_cls3": 0.39760029315948486,
  "prob_pos_mean_cls4": 0.42315495014190674,
  "best_threshold_cls0": 0.5,
  "best_threshold_cls1": 0.5,
  "best_threshold_cls2": 0.35,
  "best_threshold_cls3": 0.35,
  "best_threshold_cls4": 0.425,
  "best_precision_cls0": 0.8351204078045351,
  "best_precision_cls1": 0.773914571981016,
  "best_precision_cls2": 0.049013367281986,
  "best_precision_cls3": 0.13438778896139808,
  "best_precision_cls4": 0.3303807303807304,
  "best_recall_cls0": 1.0,
  "best_recall_cls1": 1.0,
  "best_recall_cls2": 0.5207100591715976,
  "best_recall_cls3": 0.9735576923076923,
  "best_recall_cls4": 0.4539824898569293,
  "best_f1_cls0": 0.9101532567049808,
  "best_f1_cls1": 0.8725499910818685,
  "best_f1_cls2": 0.08959348411024652,
  "best_f1_cls3": 0.23617455535037418,
  "best_f1_cls4": 0.38244288541104515,
  "best_pred_pos_cls0": 28445,
  "best_pred_pos_cls1": 28445,
  "best_pred_pos_cls2": 12568,
  "best_pred_pos_cls3": 27123,
  "best_pred_pos_cls4": 6435,
  "tail_recall": 0.0006406149903907751,
  "cka": 0.30875614285469055,
  "variant_recall": 1.0
}