{
  "macro_f1": 0.45978746878810756,
  "micro_f1": 0.6447882736156352,
  "avg_map": 0.8216941328395746,
  "recall_cls0": 1.0,
  "recall_cls1": 0.0,
  "precision_cls0": 0.8511232935612169,
  "precision_cls1": 0.0,
  "f1_cls0": 0.9195749375762151,
  "f1_cls1": 0.0,
  "support_cls0": 7918,
  "support_cls1": 7339,
  "pred_pos_cls0": 9303,
  "pred_pos_cls1": 0,
  "prob_mean_cls0": 0.5648739337921143,
  "prob_mean_cls1": 0.43619611859321594,
  "prob_pos_mean_cls0": 0.5648509860038757,
  "prob_pos_mean_cls1": 0.4362066686153412,
  "best_threshold_cls0": 0.5,
  "best_threshold_cls1": 0.05,
  "best_precision_cls0": 0.8511232935612169,
  "best_precision_cls1": 0.7888853058153283,
  "best_recall_cls0": 1.0,
  "best_recall_cls1": 1.0,
  "best_f1_cls0": 0.9195749375762151,
  "best_f1_cls1": 0.881985338300685,
  "best_pred_pos_cls0": 9303,
  "best_pred_pos_cls1": 9303,
  "tail_recall": 0.0,
  "auroc": 0.5050009268028854,
  "fpr95": 0.937007874015748,
  "variant_recall": 1.0
}