{
  "macro_f1": 0.5237045759001006,
  "micro_f1": 0.6178605469609209,
  "avg_map": 0.45874280632629805,
  "recall_cls0": 1.0,
  "recall_cls1": 1.0,
  "recall_cls2": 1.0,
  "recall_cls3": 1.0,
  "precision_cls0": 0.8400615351970717,
  "precision_cls1": 0.7784732905416158,
  "precision_cls2": 0.03973264017823988,
  "precision_cls3": 0.12986048485491486,
  "f1_cls0": 0.9130798281777035,
  "f1_cls1": 0.875439957048261,
  "f1_cls2": 0.07642857142857143,
  "f1_cls3": 0.22986994694586602,
  "support_cls0": 15836,
  "support_cls1": 14675,
  "support_cls2": 749,
  "support_cls3": 2448,
  "pred_pos_cls0": 18851,
  "pred_pos_cls1": 18851,
  "pred_pos_cls2": 18851,
  "pred_pos_cls3": 18851,
  "prob_mean_cls0": 0.6486025452613831,
  "prob_mean_cls1": 0.6421507000923157,
  "prob_mean_cls2": 0.6997156143188477,
  "prob_mean_cls3": 0.6974153518676758,
  "prob_pos_mean_cls0": 0.6485896706581116,
  "prob_pos_mean_cls1": 0.6422409415245056,
  "prob_pos_mean_cls2": 0.7022154331207275,
  "prob_pos_mean_cls3": 0.6979414820671082,
  "best_threshold_cls0": 0.5,
  "best_threshold_cls1": 0.5,
  "best_threshold_cls2": 0.7,
  "best_threshold_cls3": 0.5,
  "best_precision_cls0": 0.8400615351970717,
  "best_precision_cls1": 0.7784732905416158,
  "best_precision_cls2": 0.04956931578091987,
  "best_precision_cls3": 0.12986048485491486,
  "best_recall_cls0": 1.0,
  "best_recall_cls1": 1.0,
  "best_recall_cls2": 0.8144192256341789,
  "best_recall_cls3": 1.0,
  "best_f1_cls0": 0.9130798281777035,
  "best_f1_cls1": 0.875439957048261,
  "best_f1_cls2": 0.09345078513979319,
  "best_f1_cls3": 0.22986994694586602,
  "best_pred_pos_cls0": 18851,
  "best_pred_pos_cls1": 18851,
  "best_pred_pos_cls2": 12306,
  "best_pred_pos_cls3": 18851,
  "tail_recall": 1.0,
  "auroc": 0.5111259018089227,
  "fpr95": 0.984375,
  "cka": 0.904087483882904,
  "variant_recall": 1.0
}