{
  "macro_f1": 0.5237045759001006,
  "micro_f1": 0.6178605469609209,
  "avg_map": 0.4586929321306797,
  "recall_cls0": 1.0,
  "recall_cls1": 1.0,
  "recall_cls2": 1.0,
  "recall_cls3": 1.0,
  "precision_cls0": 0.8400615351970717,
  "precision_cls1": 0.7784732905416158,
  "precision_cls2": 0.03973264017823988,
  "precision_cls3": 0.12986048485491486,
  "f1_cls0": 0.9130798281777035,
  "f1_cls1": 0.875439957048261,
  "f1_cls2": 0.07642857142857143,
  "f1_cls3": 0.22986994694586602,
  "support_cls0": 15836,
  "support_cls1": 14675,
  "support_cls2": 749,
  "support_cls3": 2448,
  "pred_pos_cls0": 18851,
  "pred_pos_cls1": 18851,
  "pred_pos_cls2": 18851,
  "pred_pos_cls3": 18851,
  "prob_mean_cls0": 0.6489630937576294,
  "prob_mean_cls1": 0.642707347869873,
  "prob_mean_cls2": 0.6995316743850708,
  "prob_mean_cls3": 0.6975888609886169,
  "prob_pos_mean_cls0": 0.6489495635032654,
  "prob_pos_mean_cls1": 0.642794132232666,
  "prob_pos_mean_cls2": 0.7020328640937805,
  "prob_pos_mean_cls3": 0.6981132626533508,
  "best_threshold_cls0": 0.5,
  "best_threshold_cls1": 0.5,
  "best_threshold_cls2": 0.7,
  "best_threshold_cls3": 0.5,
  "best_precision_cls0": 0.8400615351970717,
  "best_precision_cls1": 0.7784732905416158,
  "best_precision_cls2": 0.04948791478902089,
  "best_precision_cls3": 0.12986048485491486,
  "best_recall_cls0": 1.0,
  "best_recall_cls1": 1.0,
  "best_recall_cls2": 0.8064085447263017,
  "best_recall_cls3": 1.0,
  "best_f1_cls0": 0.9130798281777035,
  "best_f1_cls1": 0.875439957048261,
  "best_f1_cls2": 0.09325304925119654,
  "best_f1_cls3": 0.22986994694586602,
  "best_pred_pos_cls0": 18851,
  "best_pred_pos_cls1": 18851,
  "best_pred_pos_cls2": 12205,
  "best_pred_pos_cls3": 18851,
  "tail_recall": 1.0,
  "auroc": 0.441721427245239,
  "fpr95": 0.9375,
  "variant_recall": 1.0
}