{
  "macro_f1": 0.1820585530349479,
  "micro_f1": 0.5668842248445871,
  "avg_map": 0.3889544249672397,
  "recall_cls0": 1.0,
  "recall_cls1": 0.0,
  "recall_cls2": 0.0,
  "recall_cls3": 0.0,
  "recall_cls4": 0.0,
  "precision_cls0": 0.8353553469071984,
  "precision_cls1": 0.0,
  "precision_cls2": 0.0,
  "precision_cls3": 0.0,
  "precision_cls4": 0.0,
  "f1_cls0": 0.9102927651747394,
  "f1_cls1": 0.0,
  "f1_cls2": 0.0,
  "f1_cls3": 0.0,
  "f1_cls4": 0.0,
  "support_cls0": 23755,
  "support_cls1": 22017,
  "support_cls2": 1177,
  "support_cls3": 3741,
  "support_cls4": 4682,
  "pred_pos_cls0": 28437,
  "pred_pos_cls1": 0,
  "pred_pos_cls2": 0,
  "pred_pos_cls3": 0,
  "pred_pos_cls4": 0,
  "prob_mean_cls0": 0.5745523571968079,
  "prob_mean_cls1": 0.45222896337509155,
  "prob_mean_cls2": 0.4545758366584778,
  "prob_mean_cls3": 0.43352118134498596,
  "prob_mean_cls4": 0.44719552993774414,
  "prob_pos_mean_cls0": 0.5745261311531067,
  "prob_pos_mean_cls1": 0.4522453546524048,
  "prob_pos_mean_cls2": 0.455305814743042,
  "prob_pos_mean_cls3": 0.43355339765548706,
  "prob_pos_mean_cls4": 0.44661882519721985,
  "best_threshold_cls0": 0.5,
  "best_threshold_cls1": 0.05,
  "best_threshold_cls2": 0.05,
  "best_threshold_cls3": 0.425,
  "best_threshold_cls4": 0.05,
  "best_precision_cls0": 0.8353553469071984,
  "best_precision_cls1": 0.7742377887962866,
  "best_precision_cls2": 0.0413897387206808,
  "best_precision_cls3": 0.1317667844522968,
  "best_precision_cls4": 0.16464465309280163,
  "best_recall_cls0": 1.0,
  "best_recall_cls1": 1.0,
  "best_recall_cls2": 1.0,
  "best_recall_cls3": 0.9967923015236567,
  "best_recall_cls4": 1.0,
  "best_f1_cls0": 0.9102927651747394,
  "best_f1_cls1": 0.8727553811392555,
  "best_f1_cls2": 0.0794894306746809,
  "best_f1_cls3": 0.23276427077806555,
  "best_f1_cls4": 0.2827380053745584,
  "best_pred_pos_cls0": 28437,
  "best_pred_pos_cls1": 28437,
  "best_pred_pos_cls2": 28437,
  "best_pred_pos_cls3": 28300,
  "best_pred_pos_cls4": 28437,
  "tail_recall": 0.0,
  "variant_recall": 1.0
}