{
  "macro_f1": 0.4915022458005175,
  "micro_f1": 0.7446949125756074,
  "avg_map": 0.4795934145865693,
  "recall_cls0": 1.0,
  "recall_cls1": 1.0,
  "recall_cls2": 0.0,
  "recall_cls3": 0.5906790945406125,
  "recall_cls4": 0.8211312700106723,
  "precision_cls0": 0.8349971878515186,
  "precision_cls1": 0.7738329583802025,
  "precision_cls2": 0.0,
  "precision_cls3": 0.17963877865068437,
  "precision_cls4": 0.2639088975783769,
  "f1_cls0": 0.9100800735604,
  "f1_cls1": 0.8724981173952677,
  "f1_cls2": 0.0,
  "f1_cls3": 0.27549372748726864,
  "f1_cls4": 0.39943931055965115,
  "support_cls0": 23754,
  "support_cls1": 22014,
  "support_cls2": 1178,
  "support_cls3": 3755,
  "support_cls4": 4685,
  "pred_pos_cls0": 28448,
  "pred_pos_cls1": 28448,
  "pred_pos_cls2": 0,
  "pred_pos_cls3": 12347,
  "pred_pos_cls4": 14577,
  "prob_mean_cls0": 0.8771114349365234,
  "prob_mean_cls1": 0.8538413047790527,
  "prob_mean_cls2": 0.36867740750312805,
  "prob_mean_cls3": 0.4557572603225708,
  "prob_mean_cls4": 0.48222312331199646,
  "prob_pos_mean_cls0": 0.8942293524742126,
  "prob_pos_mean_cls1": 0.8747072219848633,
  "prob_pos_mean_cls2": 0.37056949734687805,
  "prob_pos_mean_cls3": 0.482566237449646,
  "prob_pos_mean_cls4": 0.5803360939025879,
  "best_threshold_cls0": 0.5,
  "best_threshold_cls1": 0.05,
  "best_threshold_cls2": 0.35,
  "best_threshold_cls3": 0.49999999999999994,
  "best_threshold_cls4": 0.5750000000000001,
  "best_precision_cls0": 0.8349971878515186,
  "best_precision_cls1": 0.7738329583802025,
  "best_precision_cls2": 0.043622127976884,
  "best_precision_cls3": 0.17963877865068437,
  "best_precision_cls4": 0.3037838804902048,
  "best_recall_cls0": 1.0,
  "best_recall_cls1": 1.0,
  "best_recall_cls2": 0.7945670628183361,
  "best_recall_cls3": 0.5906790945406125,
  "best_recall_cls4": 0.7248665955176093,
  "best_f1_cls0": 0.9100800735604,
  "best_f1_cls1": 0.8724981173952678,
  "best_f1_cls2": 0.0827037773359841,
  "best_f1_cls3": 0.2754937274872687,
  "best_f1_cls4": 0.4281391830559758,
  "best_pred_pos_cls0": 28448,
  "best_pred_pos_cls1": 28448,
  "best_pred_pos_cls2": 21457,
  "best_pred_pos_cls3": 12347,
  "best_pred_pos_cls4": 11179,
  "tail_recall": 0.8211312700106723,
  "variant_recall": 1.0
}