{
  "macro_f1": 0.4914908567459128,
  "micro_f1": 0.744801322124021,
  "avg_map": 0.47962151092282584,
  "recall_cls0": 1.0,
  "recall_cls1": 1.0,
  "recall_cls2": 0.0,
  "recall_cls3": 0.5898801597869507,
  "recall_cls4": 0.8204909284951974,
  "precision_cls0": 0.8349971878515186,
  "precision_cls1": 0.7738329583802025,
  "precision_cls2": 0.0,
  "precision_cls3": 0.17987656326132856,
  "precision_cls4": 0.263757376149307,
  "f1_cls0": 0.9100800735604,
  "f1_cls1": 0.8724981173952677,
  "f1_cls2": 0.0,
  "f1_cls3": 0.2756861036778891,
  "f1_cls4": 0.39918998909600706,
  "support_cls0": 23754,
  "support_cls1": 22014,
  "support_cls2": 1178,
  "support_cls3": 3755,
  "support_cls4": 4685,
  "pred_pos_cls0": 28448,
  "pred_pos_cls1": 28448,
  "pred_pos_cls2": 0,
  "pred_pos_cls3": 12314,
  "pred_pos_cls4": 14574,
  "prob_mean_cls0": 0.8769583702087402,
  "prob_mean_cls1": 0.853689432144165,
  "prob_mean_cls2": 0.36854517459869385,
  "prob_mean_cls3": 0.45555827021598816,
  "prob_mean_cls4": 0.4822518527507782,
  "prob_pos_mean_cls0": 0.8941015601158142,
  "prob_pos_mean_cls1": 0.8745811581611633,
  "prob_pos_mean_cls2": 0.37046369910240173,
  "prob_pos_mean_cls3": 0.482391357421875,
  "prob_pos_mean_cls4": 0.5804824233055115,
  "best_threshold_cls0": 0.5,
  "best_threshold_cls1": 0.05,
  "best_threshold_cls2": 0.35,
  "best_threshold_cls3": 0.5,
  "best_threshold_cls4": 0.5750000000000001,
  "best_precision_cls0": 0.8349971878515186,
  "best_precision_cls1": 0.7738329583802025,
  "best_precision_cls2": 0.0435311739374649,
  "best_precision_cls3": 0.17987656326132856,
  "best_precision_cls4": 0.3037838804902048,
  "best_recall_cls0": 1.0,
  "best_recall_cls1": 1.0,
  "best_recall_cls2": 0.7894736842105263,
  "best_recall_cls3": 0.5898801597869507,
  "best_recall_cls4": 0.7248665955176093,
  "best_f1_cls0": 0.9100800735604,
  "best_f1_cls1": 0.8724981173952678,
  "best_f1_cls2": 0.08251264306627629,
  "best_f1_cls3": 0.2756861036778891,
  "best_f1_cls4": 0.4281391830559758,
  "best_pred_pos_cls0": 28448,
  "best_pred_pos_cls1": 28448,
  "best_pred_pos_cls2": 21364,
  "best_pred_pos_cls3": 12314,
  "best_pred_pos_cls4": 11179,
  "tail_recall": 0.8204909284951974,
  "cka": 0.9637346267700195,
  "variant_recall": 1.0
}