{
  "macro_f1": 0.35654064955736986,
  "micro_f1": 0.8153452867666052,
  "avg_map": 0.4752971519344804,
  "recall_cls0": 1.0,
  "recall_cls1": 1.0,
  "recall_cls2": 0.0,
  "recall_cls3": 0.0,
  "recall_cls4": 0.0,
  "precision_cls0": 0.8351204078045351,
  "precision_cls1": 0.773914571981016,
  "precision_cls2": 0.0,
  "precision_cls3": 0.0,
  "precision_cls4": 0.0,
  "f1_cls0": 0.9101532567049808,
  "f1_cls1": 0.8725499910818685,
  "f1_cls2": 0.0,
  "f1_cls3": 0.0,
  "f1_cls4": 0.0,
  "support_cls0": 23755,
  "support_cls1": 22014,
  "support_cls2": 1183,
  "support_cls3": 3744,
  "support_cls4": 4683,
  "pred_pos_cls0": 28445,
  "pred_pos_cls1": 28445,
  "pred_pos_cls2": 0,
  "pred_pos_cls3": 0,
  "pred_pos_cls4": 0,
  "prob_mean_cls0": 0.8034870028495789,
  "prob_mean_cls1": 0.7844988107681274,
  "prob_mean_cls2": 0.3501051366329193,
  "prob_mean_cls3": 0.4050302803516388,
  "prob_mean_cls4": 0.4176988899707794,
  "prob_pos_mean_cls0": 0.807695746421814,
  "prob_pos_mean_cls1": 0.7877600789070129,
  "prob_pos_mean_cls2": 0.3509810268878937,
  "prob_pos_mean_cls3": 0.4095916748046875,
  "prob_pos_mean_cls4": 0.43213802576065063,
  "best_threshold_cls0": 0.5,
  "best_threshold_cls1": 0.5,
  "best_threshold_cls2": 0.35,
  "best_threshold_cls3": 0.35,
  "best_threshold_cls4": 0.425,
  "best_precision_cls0": 0.8351204078045351,
  "best_precision_cls1": 0.773914571981016,
  "best_precision_cls2": 0.043485589078038095,
  "best_precision_cls3": 0.13170954911829924,
  "best_precision_cls4": 0.25800388852883993,
  "best_recall_cls0": 1.0,
  "best_recall_cls1": 1.0,
  "best_recall_cls2": 0.6542688081149619,
  "best_recall_cls3": 0.999465811965812,
  "best_recall_cls4": 0.8500960922485586,
  "best_f1_cls0": 0.9101532567049808,
  "best_f1_cls1": 0.8725499910818685,
  "best_f1_cls2": 0.08155094299863029,
  "best_f1_cls3": 0.23274762867361212,
  "best_f1_cls4": 0.3958633719484911,
  "best_pred_pos_cls0": 28445,
  "best_pred_pos_cls1": 28445,
  "best_pred_pos_cls2": 17799,
  "best_pred_pos_cls3": 28411,
  "best_pred_pos_cls4": 15430,
  "tail_recall": 0.0,
  "cka": 0.06194522976875305,
  "variant_recall": 1.0
}