{
  "macro_f1": 0.35654064955736986,
  "micro_f1": 0.8153452867666052,
  "avg_map": 0.47511268003194385,
  "recall_cls0": 1.0,
  "recall_cls1": 1.0,
  "recall_cls2": 0.0,
  "recall_cls3": 0.0,
  "recall_cls4": 0.0,
  "precision_cls0": 0.8351204078045351,
  "precision_cls1": 0.773914571981016,
  "precision_cls2": 0.0,
  "precision_cls3": 0.0,
  "precision_cls4": 0.0,
  "f1_cls0": 0.9101532567049808,
  "f1_cls1": 0.8725499910818685,
  "f1_cls2": 0.0,
  "f1_cls3": 0.0,
  "f1_cls4": 0.0,
  "support_cls0": 23755,
  "support_cls1": 22014,
  "support_cls2": 1183,
  "support_cls3": 3744,
  "support_cls4": 4683,
  "pred_pos_cls0": 28445,
  "pred_pos_cls1": 28445,
  "pred_pos_cls2": 0,
  "pred_pos_cls3": 0,
  "pred_pos_cls4": 0,
  "prob_mean_cls0": 0.8038228750228882,
  "prob_mean_cls1": 0.7849745750427246,
  "prob_mean_cls2": 0.3502049744129181,
  "prob_mean_cls3": 0.4052402675151825,
  "prob_mean_cls4": 0.41782647371292114,
  "prob_pos_mean_cls0": 0.8079783320426941,
  "prob_pos_mean_cls1": 0.7881935834884644,
  "prob_pos_mean_cls2": 0.35105839371681213,
  "prob_pos_mean_cls3": 0.40974459052085876,
  "prob_pos_mean_cls4": 0.43215522170066833,
  "best_threshold_cls0": 0.5,
  "best_threshold_cls1": 0.5,
  "best_threshold_cls2": 0.35,
  "best_threshold_cls3": 0.35,
  "best_threshold_cls4": 0.425,
  "best_precision_cls0": 0.8351204078045351,
  "best_precision_cls1": 0.773914571981016,
  "best_precision_cls2": 0.04339085273915229,
  "best_precision_cls3": 0.13168173980363868,
  "best_precision_cls4": 0.25760911798989766,
  "best_recall_cls0": 1.0,
  "best_recall_cls1": 1.0,
  "best_recall_cls2": 0.6568047337278107,
  "best_recall_cls3": 0.999465811965812,
  "best_recall_cls4": 0.8494554772581678,
  "best_f1_cls0": 0.9101532567049808,
  "best_f1_cls1": 0.8725499910818685,
  "best_f1_cls2": 0.08140387637506548,
  "best_f1_cls3": 0.23270420695873884,
  "best_f1_cls4": 0.3953291925465838,
  "best_pred_pos_cls0": 28445,
  "best_pred_pos_cls1": 28445,
  "best_pred_pos_cls2": 17907,
  "best_pred_pos_cls3": 28417,
  "best_pred_pos_cls4": 15442,
  "tail_recall": 0.0,
  "variant_recall": 1.0
}