{
  "macro_f1": 0.42125956164616085,
  "micro_f1": 0.6573686596285615,
  "avg_map": 0.4249738675944473,
  "recall_cls0": 1.0,
  "recall_cls1": 1.0,
  "recall_cls2": 0.5190194420963652,
  "recall_cls3": 0.9746260683760684,
  "recall_cls4": 0.0,
  "precision_cls0": 0.8351204078045351,
  "precision_cls1": 0.773914571981016,
  "precision_cls2": 0.049620171326975916,
  "precision_cls3": 0.1323252103278213,
  "precision_cls4": 0.0,
  "f1_cls0": 0.9101532567049808,
  "f1_cls1": 0.8725499910818685,
  "f1_cls2": 0.09058051191266504,
  "f1_cls3": 0.2330140485312899,
  "f1_cls4": 0.0,
  "support_cls0": 23755,
  "support_cls1": 22014,
  "support_cls2": 1183,
  "support_cls3": 3744,
  "support_cls4": 4683,
  "pred_pos_cls0": 28445,
  "pred_pos_cls1": 28445,
  "pred_pos_cls2": 12374,
  "pred_pos_cls3": 27576,
  "pred_pos_cls4": 0,
  "prob_mean_cls0": 0.6797181367874146,
  "prob_mean_cls1": 0.6612576842308044,
  "prob_mean_cls2": 0.49889013171195984,
  "prob_mean_cls3": 0.5483912825584412,
  "prob_mean_cls4": 0.44385823607444763,
  "prob_pos_mean_cls0": 0.6814185976982117,
  "prob_pos_mean_cls1": 0.6616199612617493,
  "prob_pos_mean_cls2": 0.5015294551849365,
  "prob_pos_mean_cls3": 0.5508158206939697,
  "prob_pos_mean_cls4": 0.4493490755558014,
  "best_threshold_cls0": 0.5,
  "best_threshold_cls1": 0.5,
  "best_threshold_cls2": 0.5,
  "best_threshold_cls3": 0.5499999999999999,
  "best_threshold_cls4": 0.44999999999999996,
  "best_precision_cls0": 0.8351204078045351,
  "best_precision_cls1": 0.773914571981016,
  "best_precision_cls2": 0.049620171326975916,
  "best_precision_cls3": 0.14372219476025705,
  "best_precision_cls4": 0.2329465350829628,
  "best_recall_cls0": 1.0,
  "best_recall_cls1": 1.0,
  "best_recall_cls2": 0.5190194420963652,
  "best_recall_cls3": 0.6212606837606838,
  "best_recall_cls4": 0.458680333119795,
  "best_f1_cls0": 0.9101532567049808,
  "best_f1_cls1": 0.8725499910818685,
  "best_f1_cls2": 0.09058051191266504,
  "best_f1_cls3": 0.23344038538739462,
  "best_f1_cls4": 0.30897583429229,
  "best_pred_pos_cls0": 28445,
  "best_pred_pos_cls1": 28445,
  "best_pred_pos_cls2": 12374,
  "best_pred_pos_cls3": 16184,
  "best_pred_pos_cls4": 9221,
  "tail_recall": 0.0,
  "cka": 0.9344290494918823,
  "variant_recall": 1.0
}