{
  "macro_f1": 0.421381259505844,
  "micro_f1": 0.6549137823929064,
  "avg_map": 0.424885418727866,
  "recall_cls0": 1.0,
  "recall_cls1": 1.0,
  "recall_cls2": 0.5452240067624683,
  "recall_cls3": 0.9783653846153846,
  "recall_cls4": 0.0,
  "precision_cls0": 0.8351204078045351,
  "precision_cls1": 0.773914571981016,
  "precision_cls2": 0.04980310400741256,
  "precision_cls3": 0.13220485797812828,
  "precision_cls4": 0.0,
  "f1_cls0": 0.9101532567049808,
  "f1_cls1": 0.8725499910818685,
  "f1_cls2": 0.09126927975095514,
  "f1_cls3": 0.2329337699914152,
  "f1_cls4": 0.0,
  "support_cls0": 23755,
  "support_cls1": 22014,
  "support_cls2": 1183,
  "support_cls3": 3744,
  "support_cls4": 4683,
  "pred_pos_cls0": 28445,
  "pred_pos_cls1": 28445,
  "pred_pos_cls2": 12951,
  "pred_pos_cls3": 27707,
  "pred_pos_cls4": 0,
  "prob_mean_cls0": 0.6800135374069214,
  "prob_mean_cls1": 0.6612740755081177,
  "prob_mean_cls2": 0.49966561794281006,
  "prob_mean_cls3": 0.5492499470710754,
  "prob_mean_cls4": 0.44423708319664,
  "prob_pos_mean_cls0": 0.6816964745521545,
  "prob_pos_mean_cls1": 0.6616288423538208,
  "prob_pos_mean_cls2": 0.5022217035293579,
  "prob_pos_mean_cls3": 0.5516459345817566,
  "prob_pos_mean_cls4": 0.44971296191215515,
  "best_threshold_cls0": 0.5,
  "best_threshold_cls1": 0.5,
  "best_threshold_cls2": 0.5,
  "best_threshold_cls3": 0.5499999999999999,
  "best_threshold_cls4": 0.44999999999999996,
  "best_precision_cls0": 0.8351204078045351,
  "best_precision_cls1": 0.773914571981016,
  "best_precision_cls2": 0.04980310400741256,
  "best_precision_cls3": 0.14328195169316665,
  "best_precision_cls4": 0.23158340389500423,
  "best_recall_cls0": 1.0,
  "best_recall_cls1": 1.0,
  "best_recall_cls2": 0.5452240067624683,
  "best_recall_cls3": 0.6306089743589743,
  "best_recall_cls4": 0.46722186632500534,
  "best_f1_cls0": 0.9101532567049808,
  "best_f1_cls1": 0.8725499910818685,
  "best_f1_cls2": 0.09126927975095514,
  "best_f1_cls3": 0.23350806052813766,
  "best_f1_cls4": 0.30967376689547804,
  "best_pred_pos_cls0": 28445,
  "best_pred_pos_cls1": 28445,
  "best_pred_pos_cls2": 12951,
  "best_pred_pos_cls3": 16478,
  "best_pred_pos_cls4": 9448,
  "tail_recall": 0.0,
  "variant_recall": 1.0
}