{
  "macro_f1": 0.37677294629772207,
  "micro_f1": 0.8153979667741136,
  "avg_map": 0.45805113782115675,
  "recall_cls0": 1.0,
  "recall_cls1": 1.0,
  "recall_cls2": 0.0,
  "recall_cls3": 0.0,
  "recall_cls4": 0.057655349135169766,
  "precision_cls0": 0.8351204078045351,
  "precision_cls1": 0.773914571981016,
  "precision_cls2": 0.0,
  "precision_cls3": 0.0,
  "precision_cls4": 0.4122137404580153,
  "f1_cls0": 0.9101532567049808,
  "f1_cls1": 0.8725499910818685,
  "f1_cls2": 0.0,
  "f1_cls3": 0.0,
  "f1_cls4": 0.10116148370176097,
  "support_cls0": 23755,
  "support_cls1": 22014,
  "support_cls2": 1183,
  "support_cls3": 3744,
  "support_cls4": 4683,
  "pred_pos_cls0": 28445,
  "pred_pos_cls1": 28445,
  "pred_pos_cls2": 0,
  "pred_pos_cls3": 0,
  "pred_pos_cls4": 655,
  "prob_mean_cls0": 0.7448328137397766,
  "prob_mean_cls1": 0.7060308456420898,
  "prob_mean_cls2": 0.2599357068538666,
  "prob_mean_cls3": 0.3732459843158722,
  "prob_mean_cls4": 0.43287238478660583,
  "prob_pos_mean_cls0": 0.7471005916595459,
  "prob_pos_mean_cls1": 0.7076687812805176,
  "prob_pos_mean_cls2": 0.2819443643093109,
  "prob_pos_mean_cls3": 0.38575583696365356,
  "prob_pos_mean_cls4": 0.44931378960609436,
  "best_threshold_cls0": 0.65,
  "best_threshold_cls1": 0.5,
  "best_threshold_cls2": 0.3,
  "best_threshold_cls3": 0.39999999999999997,
  "best_threshold_cls4": 0.44999999999999996,
  "best_precision_cls0": 0.8355383532723434,
  "best_precision_cls1": 0.773914571981016,
  "best_precision_cls2": 0.1417910447761194,
  "best_precision_cls3": 0.21727064968984655,
  "best_precision_cls4": 0.2753017086868204,
  "best_recall_cls0": 0.9996211323931804,
  "best_recall_cls1": 1.0,
  "best_recall_cls2": 0.32121724429416737,
  "best_recall_cls3": 0.35550213675213677,
  "best_recall_cls4": 0.49199231262011534,
  "best_f1_cls0": 0.9102443699089602,
  "best_f1_cls1": 0.8725499910818685,
  "best_f1_cls2": 0.1967382863059798,
  "best_f1_cls3": 0.26970618034447824,
  "best_f1_cls4": 0.35304934109714986,
  "best_pred_pos_cls0": 28420,
  "best_pred_pos_cls1": 28445,
  "best_pred_pos_cls2": 2680,
  "best_pred_pos_cls3": 6126,
  "best_pred_pos_cls4": 8369,
  "tail_recall": 0.057655349135169766,
  "variant_recall": 1.0
}