{
  "macro_f1": 0.3765593936998254,
  "micro_f1": 0.8153664951603333,
  "avg_map": 0.4580774181869276,
  "recall_cls0": 1.0,
  "recall_cls1": 1.0,
  "recall_cls2": 0.0,
  "recall_cls3": 0.0,
  "recall_cls4": 0.057014734144778985,
  "precision_cls0": 0.8351204078045351,
  "precision_cls1": 0.773914571981016,
  "precision_cls2": 0.0,
  "precision_cls3": 0.0,
  "precision_cls4": 0.40950920245398775,
  "f1_cls0": 0.9101532567049808,
  "f1_cls1": 0.8725499910818685,
  "f1_cls2": 0.0,
  "f1_cls3": 0.0,
  "f1_cls4": 0.10009372071227741,
  "support_cls0": 23755,
  "support_cls1": 22014,
  "support_cls2": 1183,
  "support_cls3": 3744,
  "support_cls4": 4683,
  "pred_pos_cls0": 28445,
  "pred_pos_cls1": 28445,
  "pred_pos_cls2": 0,
  "pred_pos_cls3": 0,
  "pred_pos_cls4": 652,
  "prob_mean_cls0": 0.7449780702590942,
  "prob_mean_cls1": 0.706271231174469,
  "prob_mean_cls2": 0.25979939103126526,
  "prob_mean_cls3": 0.3730749487876892,
  "prob_mean_cls4": 0.43274641036987305,
  "prob_pos_mean_cls0": 0.7472489476203918,
  "prob_pos_mean_cls1": 0.7079088687896729,
  "prob_pos_mean_cls2": 0.28182846307754517,
  "prob_pos_mean_cls3": 0.38559332489967346,
  "prob_pos_mean_cls4": 0.4491945505142212,
  "best_threshold_cls0": 0.65,
  "best_threshold_cls1": 0.5,
  "best_threshold_cls2": 0.3,
  "best_threshold_cls3": 0.39999999999999997,
  "best_threshold_cls4": 0.44999999999999996,
  "best_precision_cls0": 0.8355383532723434,
  "best_precision_cls1": 0.773914571981016,
  "best_precision_cls2": 0.14210919970082272,
  "best_precision_cls3": 0.21763356276630613,
  "best_precision_cls4": 0.275932365991126,
  "best_recall_cls0": 0.9996211323931804,
  "best_recall_cls1": 1.0,
  "best_recall_cls2": 0.32121724429416737,
  "best_recall_cls3": 0.3547008547008547,
  "best_recall_cls4": 0.4913516976297245,
  "best_f1_cls0": 0.9102443699089602,
  "best_f1_cls1": 0.8725499910818685,
  "best_f1_cls2": 0.19704433497536947,
  "best_f1_cls3": 0.26975421490960794,
  "best_f1_cls4": 0.3534019351866073,
  "best_pred_pos_cls0": 28420,
  "best_pred_pos_cls1": 28445,
  "best_pred_pos_cls2": 2674,
  "best_pred_pos_cls3": 6102,
  "best_pred_pos_cls4": 8339,
  "tail_recall": 0.057014734144778985,
  "variant_recall": 1.0
}