{
  "macro_f1": 0.4151112128523426,
  "micro_f1": 0.8185655486469918,
  "avg_map": 0.4774588060813298,
  "recall_cls0": 1.0,
  "recall_cls1": 1.0,
  "recall_cls2": 0.0,
  "recall_cls3": 0.0,
  "recall_cls4": 0.20649156523595985,
  "precision_cls0": 0.8351204078045351,
  "precision_cls1": 0.773914571981016,
  "precision_cls2": 0.0,
  "precision_cls3": 0.0,
  "precision_cls4": 0.5033836543466944,
  "f1_cls0": 0.9101532567049808,
  "f1_cls1": 0.8725499910818685,
  "f1_cls2": 0.0,
  "f1_cls3": 0.0,
  "f1_cls4": 0.2928528164748637,
  "support_cls0": 23755,
  "support_cls1": 22014,
  "support_cls2": 1183,
  "support_cls3": 3744,
  "support_cls4": 4683,
  "pred_pos_cls0": 28445,
  "pred_pos_cls1": 28445,
  "pred_pos_cls2": 0,
  "pred_pos_cls3": 0,
  "pred_pos_cls4": 1921,
  "prob_mean_cls0": 0.7712308168411255,
  "prob_mean_cls1": 0.7601136565208435,
  "prob_mean_cls2": 0.34468987584114075,
  "prob_mean_cls3": 0.4033106565475464,
  "prob_mean_cls4": 0.35779908299446106,
  "prob_pos_mean_cls0": 0.7796329259872437,
  "prob_pos_mean_cls1": 0.7630733847618103,
  "prob_pos_mean_cls2": 0.3458784520626068,
  "prob_pos_mean_cls3": 0.40864530205726624,
  "prob_pos_mean_cls4": 0.44474247097969055,
  "best_threshold_cls0": 0.5,
  "best_threshold_cls1": 0.5,
  "best_threshold_cls2": 0.35,
  "best_threshold_cls3": 0.05,
  "best_threshold_cls4": 0.425,
  "best_precision_cls0": 0.8351204078045351,
  "best_precision_cls1": 0.773914571981016,
  "best_precision_cls2": 0.0449992174049147,
  "best_precision_cls3": 0.1316224292494287,
  "best_precision_cls4": 0.31246627091203455,
  "best_recall_cls0": 1.0,
  "best_recall_cls1": 1.0,
  "best_recall_cls2": 0.48605240912933223,
  "best_recall_cls3": 1.0,
  "best_recall_cls4": 0.7418321588725176,
  "best_f1_cls0": 0.9101532567049808,
  "best_f1_cls1": 0.8725499910818685,
  "best_f1_cls2": 0.08237232289950576,
  "best_f1_cls3": 0.23262605237814157,
  "best_f1_cls4": 0.4397190051262579,
  "best_pred_pos_cls0": 28445,
  "best_pred_pos_cls1": 28445,
  "best_pred_pos_cls2": 12778,
  "best_pred_pos_cls3": 28445,
  "best_pred_pos_cls4": 11118,
  "tail_recall": 0.20649156523595985,
  "variant_recall": 1.0
}