{
  "macro_f1": 0.4145479845206951,
  "micro_f1": 0.818680452116008,
  "avg_map": 0.47768173764234517,
  "recall_cls0": 1.0,
  "recall_cls1": 1.0,
  "recall_cls2": 0.0,
  "recall_cls3": 0.0,
  "recall_cls4": 0.2026478752936152,
  "precision_cls0": 0.8351204078045351,
  "precision_cls1": 0.773914571981016,
  "precision_cls2": 0.0,
  "precision_cls3": 0.0,
  "precision_cls4": 0.5099408919935519,
  "f1_cls0": 0.9101532567049808,
  "f1_cls1": 0.8725499910818685,
  "f1_cls2": 0.0,
  "f1_cls3": 0.0,
  "f1_cls4": 0.29003667481662593,
  "support_cls0": 23755,
  "support_cls1": 22014,
  "support_cls2": 1183,
  "support_cls3": 3744,
  "support_cls4": 4683,
  "pred_pos_cls0": 28445,
  "pred_pos_cls1": 28445,
  "pred_pos_cls2": 0,
  "pred_pos_cls3": 0,
  "pred_pos_cls4": 1861,
  "prob_mean_cls0": 0.7705063819885254,
  "prob_mean_cls1": 0.7594494223594666,
  "prob_mean_cls2": 0.344454824924469,
  "prob_mean_cls3": 0.4027339518070221,
  "prob_mean_cls4": 0.3566786050796509,
  "prob_pos_mean_cls0": 0.7790073752403259,
  "prob_pos_mean_cls1": 0.7624450922012329,
  "prob_pos_mean_cls2": 0.3456338346004486,
  "prob_pos_mean_cls3": 0.4081277847290039,
  "prob_pos_mean_cls4": 0.4440038502216339,
  "best_threshold_cls0": 0.5,
  "best_threshold_cls1": 0.5,
  "best_threshold_cls2": 0.35,
  "best_threshold_cls3": 0.05,
  "best_threshold_cls4": 0.425,
  "best_precision_cls0": 0.8351204078045351,
  "best_precision_cls1": 0.773914571981016,
  "best_precision_cls2": 0.04475491356855316,
  "best_precision_cls3": 0.1316224292494287,
  "best_precision_cls4": 0.31404509644118445,
  "best_recall_cls0": 1.0,
  "best_recall_cls1": 1.0,
  "best_recall_cls2": 0.47928994082840237,
  "best_recall_cls3": 1.0,
  "best_recall_cls4": 0.740550928891736,
  "best_f1_cls0": 0.9101532567049808,
  "best_f1_cls1": 0.8725499910818685,
  "best_f1_cls2": 0.0818654345942824,
  "best_f1_cls3": 0.23262605237814157,
  "best_f1_cls4": 0.4410530331934376,
  "best_pred_pos_cls0": 28445,
  "best_pred_pos_cls1": 28445,
  "best_pred_pos_cls2": 12669,
  "best_pred_pos_cls3": 28445,
  "best_pred_pos_cls4": 11043,
  "tail_recall": 0.2026478752936152,
  "cka": 0.25116226077079773,
  "variant_recall": 1.0
}