{
  "macro_f1": 0.35654064955736986,
  "micro_f1": 0.8153452867666052,
  "avg_map": 0.4152771006570851,
  "recall_cls0": 1.0,
  "recall_cls1": 1.0,
  "recall_cls2": 0.0,
  "recall_cls3": 0.0,
  "recall_cls4": 0.0,
  "precision_cls0": 0.8351204078045351,
  "precision_cls1": 0.773914571981016,
  "precision_cls2": 0.0,
  "precision_cls3": 0.0,
  "precision_cls4": 0.0,
  "f1_cls0": 0.9101532567049808,
  "f1_cls1": 0.8725499910818685,
  "f1_cls2": 0.0,
  "f1_cls3": 0.0,
  "f1_cls4": 0.0,
  "support_cls0": 23755,
  "support_cls1": 22014,
  "support_cls2": 1183,
  "support_cls3": 3744,
  "support_cls4": 4683,
  "pred_pos_cls0": 28445,
  "pred_pos_cls1": 28445,
  "pred_pos_cls2": 0,
  "pred_pos_cls3": 0,
  "pred_pos_cls4": 0,
  "prob_mean_cls0": 0.8192837834358215,
  "prob_mean_cls1": 0.8310223817825317,
  "prob_mean_cls2": 0.3639139235019684,
  "prob_mean_cls3": 0.41851377487182617,
  "prob_mean_cls4": 0.4303874671459198,
  "prob_pos_mean_cls0": 0.8267794847488403,
  "prob_pos_mean_cls1": 0.8328955173492432,
  "prob_pos_mean_cls2": 0.36238405108451843,
  "prob_pos_mean_cls3": 0.4189411401748657,
  "prob_pos_mean_cls4": 0.45235082507133484,
  "best_threshold_cls0": 0.5,
  "best_threshold_cls1": 0.5,
  "best_threshold_cls2": 0.05,
  "best_threshold_cls3": 0.05,
  "best_threshold_cls4": 0.44999999999999996,
  "best_precision_cls0": 0.8351204078045351,
  "best_precision_cls1": 0.773914571981016,
  "best_precision_cls2": 0.041589031464229216,
  "best_precision_cls3": 0.1316224292494287,
  "best_precision_cls4": 0.22590753222182808,
  "best_recall_cls0": 1.0,
  "best_recall_cls1": 1.0,
  "best_recall_cls2": 1.0,
  "best_recall_cls3": 1.0,
  "best_recall_cls4": 0.8159299594277173,
  "best_f1_cls0": 0.9101532567049808,
  "best_f1_cls1": 0.8725499910818685,
  "best_f1_cls2": 0.0798568921290671,
  "best_f1_cls3": 0.2326260523781416,
  "best_f1_cls4": 0.35384544149650415,
  "best_pred_pos_cls0": 28445,
  "best_pred_pos_cls1": 28445,
  "best_pred_pos_cls2": 28445,
  "best_pred_pos_cls3": 28445,
  "best_pred_pos_cls4": 16914,
  "tail_recall": 0.0,
  "cka": 0.6239938735961914,
  "variant_recall": 1.0
}