{
  "macro_f1": 0.4426271947769321,
  "micro_f1": 0.7116136256908572,
  "avg_map": 0.48865248288859753,
  "recall_cls0": 1.0,
  "recall_cls1": 0.9403188445292274,
  "recall_cls2": 0.09005947323704333,
  "recall_cls3": 0.0008019246190858059,
  "recall_cls4": 1.0,
  "precision_cls0": 0.8356198114534965,
  "precision_cls1": 0.7965143120960295,
  "precision_cls2": 0.5792349726775956,
  "precision_cls3": 1.0,
  "precision_cls4": 0.16464465309280163,
  "f1_cls0": 0.9104497633328862,
  "f1_cls1": 0.862463288133475,
  "f1_cls2": 0.15588235294117647,
  "f1_cls3": 0.0016025641025641025,
  "f1_cls4": 0.2827380053745584,
  "support_cls0": 23755,
  "support_cls1": 22017,
  "support_cls2": 1177,
  "support_cls3": 3741,
  "support_cls4": 4682,
  "pred_pos_cls0": 28428,
  "pred_pos_cls1": 25992,
  "pred_pos_cls2": 183,
  "pred_pos_cls3": 3,
  "pred_pos_cls4": 28437,
  "prob_mean_cls0": 0.9441787004470825,
  "prob_mean_cls1": 0.7812423706054688,
  "prob_mean_cls2": 0.09178662300109863,
  "prob_mean_cls3": 0.1807713508605957,
  "prob_mean_cls4": 0.9608324766159058,
  "prob_pos_mean_cls0": 0.9510316848754883,
  "prob_pos_mean_cls1": 0.8036201596260071,
  "prob_pos_mean_cls2": 0.22412662208080292,
  "prob_pos_mean_cls3": 0.23063476383686066,
  "prob_pos_mean_cls4": 0.9572756886482239,
  "best_threshold_cls0": 0.5750000000000001,
  "best_threshold_cls1": 0.27499999999999997,
  "best_threshold_cls2": 0.27499999999999997,
  "best_threshold_cls3": 0.27499999999999997,
  "best_threshold_cls4": 0.5,
  "best_precision_cls0": 0.8358082905200929,
  "best_precision_cls1": 0.77632090475349,
  "best_precision_cls2": 0.2871287128712871,
  "best_precision_cls3": 0.25462278106508873,
  "best_precision_cls4": 0.16464465309280163,
  "best_recall_cls0": 0.9998737107977268,
  "best_recall_cls1": 0.9976836081209974,
  "best_recall_cls2": 0.32030586236193714,
  "best_recall_cls3": 0.36808340016038493,
  "best_recall_cls4": 1.0,
  "best_f1_cls0": 0.9105092672455101,
  "best_f1_cls1": 0.8731912863730322,
  "best_f1_cls2": 0.30281124497991974,
  "best_f1_cls3": 0.3010165045360148,
  "best_f1_cls4": 0.2827380053745584,
  "best_pred_pos_cls0": 28418,
  "best_pred_pos_cls1": 28295,
  "best_pred_pos_cls2": 1313,
  "best_pred_pos_cls3": 5408,
  "best_pred_pos_cls4": 28437,
  "tail_recall": 1.0,
  "variant_recall": 1.0
}