{
  "macro_f1": 0.4432108526753947,
  "micro_f1": 0.8047937274622027,
  "avg_map": 0.47337006345247373,
  "recall_cls0": 1.0,
  "recall_cls1": 1.0,
  "recall_cls2": 0.0,
  "recall_cls3": 0.0,
  "recall_cls4": 0.615795090715048,
  "precision_cls0": 0.8349971878515186,
  "precision_cls1": 0.7738329583802025,
  "precision_cls2": 0.0,
  "precision_cls3": 0.0,
  "precision_cls4": 0.33445397635056806,
  "f1_cls0": 0.9100800735604,
  "f1_cls1": 0.8724981173952677,
  "f1_cls2": 0.0,
  "f1_cls3": 0.0,
  "f1_cls4": 0.4334760724213057,
  "support_cls0": 23754,
  "support_cls1": 22014,
  "support_cls2": 1178,
  "support_cls3": 3755,
  "support_cls4": 4685,
  "pred_pos_cls0": 28448,
  "pred_pos_cls1": 28448,
  "pred_pos_cls2": 0,
  "pred_pos_cls3": 0,
  "pred_pos_cls4": 8626,
  "prob_mean_cls0": 0.8395816087722778,
  "prob_mean_cls1": 0.8183971643447876,
  "prob_mean_cls2": 0.36719080805778503,
  "prob_mean_cls3": 0.4123704731464386,
  "prob_mean_cls4": 0.37463143467903137,
  "prob_pos_mean_cls0": 0.8500810265541077,
  "prob_pos_mean_cls1": 0.8281360268592834,
  "prob_pos_mean_cls2": 0.37269723415374756,
  "prob_pos_mean_cls3": 0.4212448000907898,
  "prob_pos_mean_cls4": 0.4633011519908905,
  "best_threshold_cls0": 0.5,
  "best_threshold_cls1": 0.05,
  "best_threshold_cls2": 0.35,
  "best_threshold_cls3": 0.425,
  "best_threshold_cls4": 0.5,
  "best_precision_cls0": 0.8349971878515186,
  "best_precision_cls1": 0.7738329583802025,
  "best_precision_cls2": 0.04433330507756209,
  "best_precision_cls3": 0.1683186490455213,
  "best_precision_cls4": 0.33445397635056806,
  "best_recall_cls0": 1.0,
  "best_recall_cls1": 1.0,
  "best_recall_cls2": 0.8879456706281834,
  "best_recall_cls3": 0.4884154460719041,
  "best_recall_cls4": 0.615795090715048,
  "best_f1_cls0": 0.9100800735604,
  "best_f1_cls1": 0.8724981173952678,
  "best_f1_cls2": 0.08445018569352496,
  "best_f1_cls3": 0.25035833731485907,
  "best_f1_cls4": 0.4334760724213057,
  "best_pred_pos_cls0": 28448,
  "best_pred_pos_cls1": 28448,
  "best_pred_pos_cls2": 23594,
  "best_pred_pos_cls3": 10896,
  "best_pred_pos_cls4": 8626,
  "tail_recall": 0.615795090715048,
  "variant_recall": 1.0
}