{
  "macro_f1": 0.4432619023647463,
  "micro_f1": 0.804803413996725,
  "avg_map": 0.47323520922103884,
  "recall_cls0": 1.0,
  "recall_cls1": 1.0,
  "recall_cls2": 0.0,
  "recall_cls3": 0.0,
  "recall_cls4": 0.616435432230523,
  "precision_cls0": 0.8349971878515186,
  "precision_cls1": 0.7738329583802025,
  "precision_cls2": 0.0,
  "precision_cls3": 0.0,
  "precision_cls4": 0.3345690454124189,
  "f1_cls0": 0.9100800735604,
  "f1_cls1": 0.8724981173952677,
  "f1_cls2": 0.0,
  "f1_cls3": 0.0,
  "f1_cls4": 0.4337313208680634,
  "support_cls0": 23754,
  "support_cls1": 22014,
  "support_cls2": 1178,
  "support_cls3": 3755,
  "support_cls4": 4685,
  "pred_pos_cls0": 28448,
  "pred_pos_cls1": 28448,
  "pred_pos_cls2": 0,
  "pred_pos_cls3": 0,
  "pred_pos_cls4": 8632,
  "prob_mean_cls0": 0.839627742767334,
  "prob_mean_cls1": 0.8180688619613647,
  "prob_mean_cls2": 0.36724817752838135,
  "prob_mean_cls3": 0.4122960865497589,
  "prob_mean_cls4": 0.37422850728034973,
  "prob_pos_mean_cls0": 0.8501737713813782,
  "prob_pos_mean_cls1": 0.8278554677963257,
  "prob_pos_mean_cls2": 0.37274983525276184,
  "prob_pos_mean_cls3": 0.4211421608924866,
  "prob_pos_mean_cls4": 0.46327269077301025,
  "best_threshold_cls0": 0.5,
  "best_threshold_cls1": 0.05,
  "best_threshold_cls2": 0.35,
  "best_threshold_cls3": 0.425,
  "best_threshold_cls4": 0.5,
  "best_precision_cls0": 0.8349971878515186,
  "best_precision_cls1": 0.7738329583802025,
  "best_precision_cls2": 0.04423313664728106,
  "best_precision_cls3": 0.1689699649898655,
  "best_precision_cls4": 0.3345690454124189,
  "best_recall_cls0": 1.0,
  "best_recall_cls1": 1.0,
  "best_recall_cls2": 0.8845500848896435,
  "best_recall_cls3": 0.4884154460719041,
  "best_recall_cls4": 0.616435432230523,
  "best_f1_cls0": 0.9100800735604,
  "best_f1_cls1": 0.8724981173952678,
  "best_f1_cls2": 0.08425308267636952,
  "best_f1_cls3": 0.25107810253953045,
  "best_f1_cls4": 0.4337313208680634,
  "best_pred_pos_cls0": 28448,
  "best_pred_pos_cls1": 28448,
  "best_pred_pos_cls2": 23557,
  "best_pred_pos_cls3": 10854,
  "best_pred_pos_cls4": 8632,
  "tail_recall": 0.616435432230523,
  "cka": 0.6908119320869446,
  "variant_recall": 1.0
}