{
  "macro_f1": 0.5222809675604091,
  "micro_f1": 0.6444406735673717,
  "avg_map": 0.5231188429606412,
  "recall_cls0": 1.0,
  "recall_cls1": 0.9107507834854884,
  "recall_cls2": 0.8442953020134228,
  "recall_cls3": 1.0,
  "precision_cls0": 0.8402398259669974,
  "precision_cls1": 0.7902577441475526,
  "precision_cls2": 0.0529550429365213,
  "precision_cls3": 0.12997079904433237,
  "f1_cls0": 0.9131851339272843,
  "f1_cls1": 0.8462366272076977,
  "f1_cls2": 0.09965935197655074,
  "f1_cls3": 0.23004275713010383,
  "support_cls0": 15836,
  "support_cls1": 14678,
  "support_cls2": 745,
  "support_cls3": 2448,
  "pred_pos_cls0": 18847,
  "pred_pos_cls1": 16916,
  "pred_pos_cls2": 11878,
  "pred_pos_cls3": 18835,
  "prob_mean_cls0": 0.8597754836082458,
  "prob_mean_cls1": 0.8502654433250427,
  "prob_mean_cls2": 0.507922887802124,
  "prob_mean_cls3": 0.6770257949829102,
  "prob_pos_mean_cls0": 0.8871114253997803,
  "prob_pos_mean_cls1": 0.8668171763420105,
  "prob_pos_mean_cls2": 0.5511888861656189,
  "prob_pos_mean_cls3": 0.6988155841827393,
  "best_threshold_cls0": 0.5,
  "best_threshold_cls1": 0.05,
  "best_threshold_cls2": 0.5750000000000001,
  "best_threshold_cls3": 0.725,
  "best_precision_cls0": 0.8402398259669974,
  "best_precision_cls1": 0.7787976866344777,
  "best_precision_cls2": 0.10274621212121213,
  "best_precision_cls3": 0.1616393025327733,
  "best_recall_cls0": 1.0,
  "best_recall_cls1": 1.0,
  "best_recall_cls2": 0.2912751677852349,
  "best_recall_cls3": 0.5187908496732027,
  "best_f1_cls0": 0.9131851339272843,
  "best_f1_cls1": 0.8756450410141685,
  "best_f1_cls2": 0.151907595379769,
  "best_f1_cls3": 0.24648229015041243,
  "best_pred_pos_cls0": 18847,
  "best_pred_pos_cls1": 18847,
  "best_pred_pos_cls2": 2112,
  "best_pred_pos_cls3": 7857,
  "tail_recall": 1.0,
  "auroc": 0.34815678556268903,
  "fpr95": 0.984375,
  "variant_recall": 1.0
}