{
  "macro_f1": 0.427215997444514,
  "micro_f1": 0.8170751782635441,
  "avg_map": 0.47775900842772023,
  "recall_cls0": 1.0,
  "recall_cls1": 1.0,
  "recall_cls2": 0.0,
  "recall_cls3": 0.0,
  "recall_cls4": 0.2955370489002776,
  "precision_cls0": 0.8351204078045351,
  "precision_cls1": 0.773914571981016,
  "precision_cls2": 0.0,
  "precision_cls3": 0.0,
  "precision_cls4": 0.43936507936507935,
  "f1_cls0": 0.9101532567049808,
  "f1_cls1": 0.8725499910818685,
  "f1_cls2": 0.0,
  "f1_cls3": 0.0,
  "f1_cls4": 0.3533767394357207,
  "support_cls0": 23755,
  "support_cls1": 22014,
  "support_cls2": 1183,
  "support_cls3": 3744,
  "support_cls4": 4683,
  "pred_pos_cls0": 28445,
  "pred_pos_cls1": 28445,
  "pred_pos_cls2": 0,
  "pred_pos_cls3": 0,
  "pred_pos_cls4": 3150,
  "prob_mean_cls0": 0.7711860537528992,
  "prob_mean_cls1": 0.7635891437530518,
  "prob_mean_cls2": 0.347779780626297,
  "prob_mean_cls3": 0.4043818414211273,
  "prob_mean_cls4": 0.3725709617137909,
  "prob_pos_mean_cls0": 0.7814081907272339,
  "prob_pos_mean_cls1": 0.7672322988510132,
  "prob_pos_mean_cls2": 0.3541176915168762,
  "prob_pos_mean_cls3": 0.40734508633613586,
  "prob_pos_mean_cls4": 0.4493350088596344,
  "best_threshold_cls0": 0.65,
  "best_threshold_cls1": 0.5,
  "best_threshold_cls2": 0.35,
  "best_threshold_cls3": 0.39999999999999997,
  "best_threshold_cls4": 0.44999999999999996,
  "best_precision_cls0": 0.8579271459307071,
  "best_precision_cls1": 0.773914571981016,
  "best_precision_cls2": 0.04773809523809524,
  "best_precision_cls3": 0.1533095799668791,
  "best_precision_cls4": 0.34128524141079786,
  "best_recall_cls0": 0.9736055567249,
  "best_recall_cls1": 1.0,
  "best_recall_cls2": 0.6779374471682164,
  "best_recall_cls3": 0.8159722222222222,
  "best_recall_cls4": 0.6384796070894726,
  "best_f1_cls0": 0.9121132648433341,
  "best_f1_cls1": 0.8725499910818685,
  "best_f1_cls2": 0.08919535116498915,
  "best_f1_cls3": 0.25812175235520257,
  "best_f1_cls4": 0.444808092829515,
  "best_pred_pos_cls0": 26958,
  "best_pred_pos_cls1": 28445,
  "best_pred_pos_cls2": 16800,
  "best_pred_pos_cls3": 19927,
  "best_pred_pos_cls4": 8761,
  "tail_recall": 0.2955370489002776,
  "variant_recall": 1.0
}