{
  "macro_f1": 0.42719810670753616,
  "micro_f1": 0.8171293889293265,
  "avg_map": 0.4778479239912226,
  "recall_cls0": 1.0,
  "recall_cls1": 1.0,
  "recall_cls2": 0.0,
  "recall_cls3": 0.0,
  "recall_cls4": 0.29489643390988685,
  "precision_cls0": 0.8351204078045351,
  "precision_cls1": 0.773914571981016,
  "precision_cls2": 0.0,
  "precision_cls3": 0.0,
  "precision_cls4": 0.4405103668261563,
  "f1_cls0": 0.9101532567049808,
  "f1_cls1": 0.8725499910818685,
  "f1_cls2": 0.0,
  "f1_cls3": 0.0,
  "f1_cls4": 0.3532872857508314,
  "support_cls0": 23755,
  "support_cls1": 22014,
  "support_cls2": 1183,
  "support_cls3": 3744,
  "support_cls4": 4683,
  "pred_pos_cls0": 28445,
  "pred_pos_cls1": 28445,
  "pred_pos_cls2": 0,
  "pred_pos_cls3": 0,
  "pred_pos_cls4": 3135,
  "prob_mean_cls0": 0.7705610394477844,
  "prob_mean_cls1": 0.7630049586296082,
  "prob_mean_cls2": 0.3472992777824402,
  "prob_mean_cls3": 0.4042809307575226,
  "prob_mean_cls4": 0.3718658983707428,
  "prob_pos_mean_cls0": 0.7808798551559448,
  "prob_pos_mean_cls1": 0.7666758298873901,
  "prob_pos_mean_cls2": 0.3536258339881897,
  "prob_pos_mean_cls3": 0.4072372317314148,
  "prob_pos_mean_cls4": 0.4489542245864868,
  "best_threshold_cls0": 0.65,
  "best_threshold_cls1": 0.5,
  "best_threshold_cls2": 0.35,
  "best_threshold_cls3": 0.39999999999999997,
  "best_threshold_cls4": 0.44999999999999996,
  "best_precision_cls0": 0.8584702296885454,
  "best_precision_cls1": 0.773914571981016,
  "best_precision_cls2": 0.04733905321893562,
  "best_precision_cls3": 0.15294117647058825,
  "best_precision_cls4": 0.3417707020959798,
  "best_recall_cls0": 0.972342664702168,
  "best_recall_cls1": 1.0,
  "best_recall_cls2": 0.6669484361792054,
  "best_recall_cls3": 0.8090277777777778,
  "best_recall_cls4": 0.637198377108691,
  "best_f1_cls0": 0.911865142812025,
  "best_f1_cls1": 0.8725499910818685,
  "best_f1_cls2": 0.08840336134453781,
  "best_f1_cls3": 0.25725083867680154,
  "best_f1_cls4": 0.44490830475622484,
  "best_pred_pos_cls0": 26906,
  "best_pred_pos_cls1": 28445,
  "best_pred_pos_cls2": 16667,
  "best_pred_pos_cls3": 19805,
  "best_pred_pos_cls4": 8731,
  "tail_recall": 0.29489643390988685,
  "cka": 0.3917287290096283,
  "variant_recall": 1.0
}