{
  "macro_f1": 0.22829628348182107,
  "micro_f1": 0.6026563154089127,
  "avg_map": 0.45091429538163047,
  "recall_cls0": 1.0,
  "recall_cls1": 0.0,
  "recall_cls2": 0.0,
  "recall_cls3": 0.0,
  "precision_cls0": 0.8402398259669974,
  "precision_cls1": 0.0,
  "precision_cls2": 0.0,
  "precision_cls3": 0.0,
  "f1_cls0": 0.9131851339272843,
  "f1_cls1": 0.0,
  "f1_cls2": 0.0,
  "f1_cls3": 0.0,
  "support_cls0": 15836,
  "support_cls1": 14678,
  "support_cls2": 745,
  "support_cls3": 2448,
  "pred_pos_cls0": 18847,
  "pred_pos_cls1": 0,
  "pred_pos_cls2": 0,
  "pred_pos_cls3": 0,
  "prob_mean_cls0": 0.5680035352706909,
  "prob_mean_cls1": 0.44591987133026123,
  "prob_mean_cls2": 0.460557222366333,
  "prob_mean_cls3": 0.4393121898174286,
  "prob_pos_mean_cls0": 0.5679800510406494,
  "prob_pos_mean_cls1": 0.445936918258667,
  "prob_pos_mean_cls2": 0.46129748225212097,
  "prob_pos_mean_cls3": 0.4392715096473694,
  "best_threshold_cls0": 0.5,
  "best_threshold_cls1": 0.05,
  "best_threshold_cls2": 0.05,
  "best_threshold_cls3": 0.425,
  "best_precision_cls0": 0.8402398259669974,
  "best_precision_cls1": 0.7787976866344777,
  "best_precision_cls2": 0.03952883748076617,
  "best_precision_cls3": 0.12998460149737162,
  "best_recall_cls0": 1.0,
  "best_recall_cls1": 1.0,
  "best_recall_cls2": 1.0,
  "best_recall_cls3": 1.0,
  "best_f1_cls0": 0.9131851339272843,
  "best_f1_cls1": 0.8756450410141685,
  "best_f1_cls2": 0.07605144957125358,
  "best_f1_cls3": 0.23006437667402846,
  "best_pred_pos_cls0": 18847,
  "best_pred_pos_cls1": 18847,
  "best_pred_pos_cls2": 18847,
  "best_pred_pos_cls3": 18833,
  "tail_recall": 0.0,
  "auroc": 0.5283155973099167,
  "fpr95": 0.984375,
  "variant_recall": 1.0
}