{
  "macro_f1": 0.4131572303377107,
  "micro_f1": 0.717272165080358,
  "avg_map": 0.44903933845736893,
  "recall_cls0": 1.0,
  "recall_cls1": 1.0,
  "recall_cls2": 0.0,
  "recall_cls3": 0.0,
  "recall_cls4": 1.0,
  "precision_cls0": 0.8353553469071984,
  "precision_cls1": 0.7742377887962866,
  "precision_cls2": 0.0,
  "precision_cls3": 0.0,
  "precision_cls4": 0.16464465309280163,
  "f1_cls0": 0.9102927651747394,
  "f1_cls1": 0.8727553811392555,
  "f1_cls2": 0.0,
  "f1_cls3": 0.0,
  "f1_cls4": 0.2827380053745584,
  "support_cls0": 23755,
  "support_cls1": 22017,
  "support_cls2": 1177,
  "support_cls3": 3741,
  "support_cls4": 4682,
  "pred_pos_cls0": 28437,
  "pred_pos_cls1": 28437,
  "pred_pos_cls2": 0,
  "pred_pos_cls3": 0,
  "pred_pos_cls4": 28437,
  "prob_mean_cls0": 0.9689354300498962,
  "prob_mean_cls1": 0.8226398229598999,
  "prob_mean_cls2": 0.08262796700000763,
  "prob_mean_cls3": 0.1635177731513977,
  "prob_mean_cls4": 0.9553099870681763,
  "prob_pos_mean_cls0": 0.970925509929657,
  "prob_pos_mean_cls1": 0.8251926302909851,
  "prob_pos_mean_cls2": 0.099024198949337,
  "prob_pos_mean_cls3": 0.1687897890806198,
  "prob_pos_mean_cls4": 0.9592505097389221,
  "best_threshold_cls0": 0.725,
  "best_threshold_cls1": 0.65,
  "best_threshold_cls2": 0.125,
  "best_threshold_cls3": 0.125,
  "best_threshold_cls4": 0.95,
  "best_precision_cls0": 0.8354141023386671,
  "best_precision_cls1": 0.7751929787459025,
  "best_precision_cls2": 0.10741687979539642,
  "best_precision_cls3": 0.13206333321419636,
  "best_precision_cls4": 0.1822893594400638,
  "best_recall_cls0": 1.0,
  "best_recall_cls1": 0.9989099332334106,
  "best_recall_cls2": 0.1427357689039932,
  "best_recall_cls3": 0.987703822507351,
  "best_recall_cls4": 0.8788979068774028,
  "best_f1_cls0": 0.9103276489748995,
  "best_f1_cls1": 0.8729459395094071,
  "best_f1_cls2": 0.12258299890550893,
  "best_f1_cls3": 0.23297604035308953,
  "best_f1_cls4": 0.3019518638098034,
  "best_pred_pos_cls0": 28435,
  "best_pred_pos_cls1": 28371,
  "best_pred_pos_cls2": 1564,
  "best_pred_pos_cls3": 27979,
  "best_pred_pos_cls4": 22574,
  "tail_recall": 1.0,
  "variant_recall": 1.0
}