{
  "macro_f1": 0.4190372384588116,
  "micro_f1": 0.599378110923257,
  "avg_map": 0.411891420464397,
  "recall_cls0": 1.0,
  "recall_cls1": 1.0,
  "recall_cls2": 1.0,
  "recall_cls3": 1.0,
  "recall_cls4": 0.0,
  "precision_cls0": 0.8351204078045351,
  "precision_cls1": 0.773914571981016,
  "precision_cls2": 0.041589031464229216,
  "precision_cls3": 0.1316224292494287,
  "precision_cls4": 0.0,
  "f1_cls0": 0.9101532567049808,
  "f1_cls1": 0.8725499910818685,
  "f1_cls2": 0.0798568921290671,
  "f1_cls3": 0.2326260523781416,
  "f1_cls4": 0.0,
  "support_cls0": 23755,
  "support_cls1": 22014,
  "support_cls2": 1183,
  "support_cls3": 3744,
  "support_cls4": 4683,
  "pred_pos_cls0": 28445,
  "pred_pos_cls1": 28445,
  "pred_pos_cls2": 28445,
  "pred_pos_cls3": 28445,
  "pred_pos_cls4": 3,
  "prob_mean_cls0": 0.6791698336601257,
  "prob_mean_cls1": 0.647903323173523,
  "prob_mean_cls2": 0.5177321434020996,
  "prob_mean_cls3": 0.5572928786277771,
  "prob_mean_cls4": 0.4136841595172882,
  "prob_pos_mean_cls0": 0.6791696548461914,
  "prob_pos_mean_cls1": 0.6481482982635498,
  "prob_pos_mean_cls2": 0.5192476511001587,
  "prob_pos_mean_cls3": 0.5595444440841675,
  "prob_pos_mean_cls4": 0.4206884503364563,
  "best_threshold_cls0": 0.5,
  "best_threshold_cls1": 0.6,
  "best_threshold_cls2": 0.5,
  "best_threshold_cls3": 0.5,
  "best_threshold_cls4": 0.39999999999999997,
  "best_precision_cls0": 0.8351204078045351,
  "best_precision_cls1": 0.773996202798678,
  "best_precision_cls2": 0.041589031464229216,
  "best_precision_cls3": 0.1316224292494287,
  "best_precision_cls4": 0.20528639046960592,
  "best_recall_cls0": 1.0,
  "best_recall_cls1": 1.0,
  "best_recall_cls2": 1.0,
  "best_recall_cls3": 1.0,
  "best_recall_cls4": 0.8242579543027974,
  "best_f1_cls0": 0.9101532567049808,
  "best_f1_cls1": 0.8726018709370541,
  "best_f1_cls2": 0.0798568921290671,
  "best_f1_cls3": 0.2326260523781416,
  "best_f1_cls4": 0.32870646342501914,
  "best_pred_pos_cls0": 28445,
  "best_pred_pos_cls1": 28442,
  "best_pred_pos_cls2": 28445,
  "best_pred_pos_cls3": 28445,
  "best_pred_pos_cls4": 18803,
  "tail_recall": 0.0,
  "variant_recall": 1.0
}