{
  "macro_f1": 0.513909022851967,
  "micro_f1": 0.7931302705172052,
  "avg_map": 0.511381021338335,
  "recall_cls0": 1.0,
  "recall_cls1": 1.0,
  "recall_cls2": 0.0,
  "recall_cls3": 0.6545824847250509,
  "precision_cls0": 0.8399724181827826,
  "precision_cls1": 0.7784437490054633,
  "precision_cls2": 0.0,
  "precision_cls3": 0.16785042824315854,
  "f1_cls0": 0.9130271844100435,
  "f1_cls1": 0.875421277103403,
  "f1_cls2": 0.0,
  "f1_cls3": 0.2671876298944218,
  "support_cls0": 15836,
  "support_cls1": 14676,
  "support_cls2": 746,
  "support_cls3": 2455,
  "pred_pos_cls0": 18853,
  "pred_pos_cls1": 18853,
  "pred_pos_cls2": 0,
  "pred_pos_cls3": 9574,
  "prob_mean_cls0": 0.9147961735725403,
  "prob_mean_cls1": 0.8809069395065308,
  "prob_mean_cls2": 0.4185653626918793,
  "prob_mean_cls3": 0.48925355076789856,
  "prob_pos_mean_cls0": 0.9233815670013428,
  "prob_pos_mean_cls1": 0.8948630094528198,
  "prob_pos_mean_cls2": 0.41563645005226135,
  "prob_pos_mean_cls3": 0.5092213749885559,
  "best_threshold_cls0": 0.5,
  "best_threshold_cls1": 0.05,
  "best_threshold_cls2": 0.05,
  "best_threshold_cls3": 0.5,
  "best_precision_cls0": 0.8399724181827826,
  "best_precision_cls1": 0.7784437490054633,
  "best_precision_cls2": 0.03956929931575877,
  "best_precision_cls3": 0.16785042824315854,
  "best_recall_cls0": 1.0,
  "best_recall_cls1": 1.0,
  "best_recall_cls2": 1.0,
  "best_recall_cls3": 0.6545824847250509,
  "best_f1_cls0": 0.9130271844100435,
  "best_f1_cls1": 0.8754212771034031,
  "best_f1_cls2": 0.07612633297617226,
  "best_f1_cls3": 0.2671876298944218,
  "best_pred_pos_cls0": 18853,
  "best_pred_pos_cls1": 18853,
  "best_pred_pos_cls2": 18853,
  "best_pred_pos_cls3": 9574,
  "tail_recall": 0.6545824847250509,
  "auroc": 0.2731117892377872,
  "fpr95": 0.96875,
  "cka": 0.8981816172599792,
  "variant_recall": 1.0
}