{
  "macro_f1": 0.5140144022806485,
  "micro_f1": 0.7932188321870871,
  "avg_map": 0.5113828649264404,
  "recall_cls0": 1.0,
  "recall_cls1": 1.0,
  "recall_cls2": 0.0,
  "recall_cls3": 0.655397148676171,
  "precision_cls0": 0.8399724181827826,
  "precision_cls1": 0.7784437490054633,
  "precision_cls2": 0.0,
  "precision_cls3": 0.16812957157784744,
  "f1_cls0": 0.9130271844100435,
  "f1_cls1": 0.875421277103403,
  "f1_cls2": 0.0,
  "f1_cls3": 0.2676091476091476,
  "support_cls0": 15836,
  "support_cls1": 14676,
  "support_cls2": 746,
  "support_cls3": 2455,
  "pred_pos_cls0": 18853,
  "pred_pos_cls1": 18853,
  "pred_pos_cls2": 0,
  "pred_pos_cls3": 9570,
  "prob_mean_cls0": 0.9149076342582703,
  "prob_mean_cls1": 0.8809897303581238,
  "prob_mean_cls2": 0.41861119866371155,
  "prob_mean_cls3": 0.4891703128814697,
  "prob_pos_mean_cls0": 0.9234735369682312,
  "prob_pos_mean_cls1": 0.894925057888031,
  "prob_pos_mean_cls2": 0.4156638979911804,
  "prob_pos_mean_cls3": 0.5091028213500977,
  "best_threshold_cls0": 0.5,
  "best_threshold_cls1": 0.05,
  "best_threshold_cls2": 0.05,
  "best_threshold_cls3": 0.5,
  "best_precision_cls0": 0.8399724181827826,
  "best_precision_cls1": 0.7784437490054633,
  "best_precision_cls2": 0.03956929931575877,
  "best_precision_cls3": 0.16812957157784744,
  "best_recall_cls0": 1.0,
  "best_recall_cls1": 1.0,
  "best_recall_cls2": 1.0,
  "best_recall_cls3": 0.655397148676171,
  "best_f1_cls0": 0.9130271844100435,
  "best_f1_cls1": 0.8754212771034031,
  "best_f1_cls2": 0.07612633297617226,
  "best_f1_cls3": 0.2676091476091476,
  "best_pred_pos_cls0": 18853,
  "best_pred_pos_cls1": 18853,
  "best_pred_pos_cls2": 18853,
  "best_pred_pos_cls3": 9570,
  "tail_recall": 0.655397148676171,
  "auroc": 0.2731188338725932,
  "fpr95": 0.96875,
  "variant_recall": 1.0
}