{
  "macro_f1": 0.44712994630649117,
  "micro_f1": 0.85453017784624,
  "avg_map": 0.47395855913280316,
  "recall_cls0": 1.0,
  "recall_cls1": 1.0,
  "recall_cls2": 0.0,
  "recall_cls3": 0.0,
  "precision_cls0": 0.8400615351970717,
  "precision_cls1": 0.7784732905416158,
  "precision_cls2": 0.0,
  "precision_cls3": 0.0,
  "f1_cls0": 0.9130798281777035,
  "f1_cls1": 0.875439957048261,
  "f1_cls2": 0.0,
  "f1_cls3": 0.0,
  "support_cls0": 15836,
  "support_cls1": 14675,
  "support_cls2": 749,
  "support_cls3": 2448,
  "pred_pos_cls0": 18851,
  "pred_pos_cls1": 18851,
  "pred_pos_cls2": 0,
  "pred_pos_cls3": 0,
  "prob_mean_cls0": 0.8321390151977539,
  "prob_mean_cls1": 0.8208300471305847,
  "prob_mean_cls2": 0.39725029468536377,
  "prob_mean_cls3": 0.43993547558784485,
  "prob_pos_mean_cls0": 0.8321802020072937,
  "prob_pos_mean_cls1": 0.8209260702133179,
  "prob_pos_mean_cls2": 0.3973689675331116,
  "prob_pos_mean_cls3": 0.4401513338088989,
  "best_threshold_cls0": 0.5,
  "best_threshold_cls1": 0.5,
  "best_threshold_cls2": 0.05,
  "best_threshold_cls3": 0.05,
  "best_precision_cls0": 0.8400615351970717,
  "best_precision_cls1": 0.7784732905416158,
  "best_precision_cls2": 0.03973264017823988,
  "best_precision_cls3": 0.12986048485491486,
  "best_recall_cls0": 1.0,
  "best_recall_cls1": 1.0,
  "best_recall_cls2": 1.0,
  "best_recall_cls3": 1.0,
  "best_f1_cls0": 0.9130798281777035,
  "best_f1_cls1": 0.875439957048261,
  "best_f1_cls2": 0.07642857142857143,
  "best_f1_cls3": 0.22986994694586602,
  "best_pred_pos_cls0": 18851,
  "best_pred_pos_cls1": 18851,
  "best_pred_pos_cls2": 18851,
  "best_pred_pos_cls3": 18851,
  "tail_recall": 0.0,
  "auroc": 0.4453079412232773,
  "fpr95": 0.921875,
  "cka": 0.9905204176902771,
  "variant_recall": 1.0
}