{
  "macro_f1": 0.5520409714731077,
  "micro_f1": 0.7028856482775873,
  "avg_map": 0.5727324615627889,
  "recall_cls0": 0.9960850347295306,
  "recall_cls1": 0.8348548848616978,
  "recall_cls2": 0.4485981308411215,
  "recall_cls3": 0.13712910986367283,
  "recall_cls4": 1.0,
  "precision_cls0": 0.8386616573332388,
  "precision_cls1": 0.8327368277986681,
  "precision_cls2": 0.6013667425968109,
  "precision_cls3": 0.5457446808510639,
  "precision_cls4": 0.16464465309280163,
  "f1_cls0": 0.9106197925686467,
  "f1_cls1": 0.8337945112270356,
  "f1_cls2": 0.5138686131386861,
  "f1_cls3": 0.21918393505661182,
  "f1_cls4": 0.2827380053745584,
  "support_cls0": 23755,
  "support_cls1": 22017,
  "support_cls2": 1177,
  "support_cls3": 3741,
  "support_cls4": 4682,
  "pred_pos_cls0": 28214,
  "pred_pos_cls1": 22073,
  "pred_pos_cls2": 878,
  "pred_pos_cls3": 940,
  "pred_pos_cls4": 28437,
  "prob_mean_cls0": 0.9542378187179565,
  "prob_mean_cls1": 0.6995884776115417,
  "prob_mean_cls2": 0.05566900596022606,
  "prob_mean_cls3": 0.17797894775867462,
  "prob_mean_cls4": 0.9860368967056274,
  "prob_pos_mean_cls0": 0.9634346961975098,
  "prob_pos_mean_cls1": 0.7444995641708374,
  "prob_pos_mean_cls2": 0.45864051580429077,
  "prob_pos_mean_cls3": 0.2801382839679718,
  "prob_pos_mean_cls4": 0.9861621260643005,
  "best_threshold_cls0": 0.35,
  "best_threshold_cls1": 0.05,
  "best_threshold_cls2": 0.27499999999999997,
  "best_threshold_cls3": 0.27499999999999997,
  "best_threshold_cls4": 0.5,
  "best_precision_cls0": 0.8374982352110688,
  "best_precision_cls1": 0.7775222053151208,
  "best_precision_cls2": 0.5283560660445082,
  "best_precision_cls3": 0.29037713512599356,
  "best_precision_cls4": 0.16464465309280163,
  "best_recall_cls0": 0.9988633971795412,
  "best_recall_cls1": 0.9979561248126447,
  "best_recall_cls2": 0.6253186066270179,
  "best_recall_cls3": 0.45896819032344294,
  "best_recall_cls4": 1.0,
  "best_f1_cls0": 0.9110910591894332,
  "best_f1_cls1": 0.8740552152120296,
  "best_f1_cls2": 0.5727626459143969,
  "best_f1_cls3": 0.35570747876527864,
  "best_f1_cls4": 0.2827380053745584,
  "best_pred_pos_cls0": 28332,
  "best_pred_pos_cls1": 28259,
  "best_pred_pos_cls2": 1393,
  "best_pred_pos_cls3": 5913,
  "best_pred_pos_cls4": 28437,
  "tail_recall": 1.0,
  "variant_recall": 1.0
}