{
  "macro_f1": 0.5237125613413778,
  "micro_f1": 0.617840582100768,
  "avg_map": 0.4539844970605886,
  "recall_cls0": 1.0,
  "recall_cls1": 1.0,
  "recall_cls2": 1.0,
  "recall_cls3": 1.0,
  "precision_cls0": 0.8399724181827826,
  "precision_cls1": 0.7783907070492759,
  "precision_cls2": 0.0397284251843208,
  "precision_cls3": 0.12995279265899326,
  "f1_cls0": 0.9130271844100435,
  "f1_cls1": 0.8753877356239561,
  "f1_cls2": 0.07642077339047036,
  "f1_cls3": 0.23001455194104117,
  "support_cls0": 15836,
  "support_cls1": 14675,
  "support_cls2": 749,
  "support_cls3": 2450,
  "pred_pos_cls0": 18853,
  "pred_pos_cls1": 18853,
  "pred_pos_cls2": 18853,
  "pred_pos_cls3": 18853,
  "prob_mean_cls0": 0.6781734228134155,
  "prob_mean_cls1": 0.6789594292640686,
  "prob_mean_cls2": 0.6005892157554626,
  "prob_mean_cls3": 0.6865554451942444,
  "prob_pos_mean_cls0": 0.6780207753181458,
  "prob_pos_mean_cls1": 0.6787626147270203,
  "prob_pos_mean_cls2": 0.6028984189033508,
  "prob_pos_mean_cls3": 0.6871011257171631,
  "best_threshold_cls0": 0.5,
  "best_threshold_cls1": 0.5,
  "best_threshold_cls2": 0.6,
  "best_threshold_cls3": 0.5,
  "best_precision_cls0": 0.8399724181827826,
  "best_precision_cls1": 0.7783907070492759,
  "best_precision_cls2": 0.05113160100586756,
  "best_precision_cls3": 0.12995279265899326,
  "best_recall_cls0": 1.0,
  "best_recall_cls1": 1.0,
  "best_recall_cls2": 0.732977303070761,
  "best_recall_cls3": 1.0,
  "best_f1_cls0": 0.9130271844100435,
  "best_f1_cls1": 0.8753877356239561,
  "best_f1_cls2": 0.09559463694932963,
  "best_f1_cls3": 0.23001455194104117,
  "best_pred_pos_cls0": 18853,
  "best_pred_pos_cls1": 18853,
  "best_pred_pos_cls2": 10737,
  "best_pred_pos_cls3": 18853,
  "tail_recall": 1.0,
  "auroc": 0.5043444677239696,
  "fpr95": 0.96875,
  "cka": 0.8202595710754395,
  "variant_recall": 1.0
}