{
  "macro_f1": 0.4181006160097042,
  "micro_f1": 0.8169775143803382,
  "avg_map": 0.44692447983752537,
  "recall_cls0": 1.0,
  "recall_cls1": 1.0,
  "recall_cls2": 0.0,
  "recall_cls3": 0.0,
  "recall_cls4": 0.23510570147341447,
  "precision_cls0": 0.8351204078045351,
  "precision_cls1": 0.773914571981016,
  "precision_cls2": 0.0,
  "precision_cls3": 0.0,
  "precision_cls4": 0.44556859571023877,
  "f1_cls0": 0.9101532567049808,
  "f1_cls1": 0.8725499910818685,
  "f1_cls2": 0.0,
  "f1_cls3": 0.0,
  "f1_cls4": 0.3077998322616718,
  "support_cls0": 23755,
  "support_cls1": 22014,
  "support_cls2": 1183,
  "support_cls3": 3744,
  "support_cls4": 4683,
  "pred_pos_cls0": 28445,
  "pred_pos_cls1": 28445,
  "pred_pos_cls2": 0,
  "pred_pos_cls3": 0,
  "pred_pos_cls4": 2471,
  "prob_mean_cls0": 0.6798771619796753,
  "prob_mean_cls1": 0.6532083749771118,
  "prob_mean_cls2": 0.2781148850917816,
  "prob_mean_cls3": 0.3851065933704376,
  "prob_mean_cls4": 0.35526907444000244,
  "prob_pos_mean_cls0": 0.6825006604194641,
  "prob_pos_mean_cls1": 0.6540747880935669,
  "prob_pos_mean_cls2": 0.27857720851898193,
  "prob_pos_mean_cls3": 0.38776931166648865,
  "prob_pos_mean_cls4": 0.4160838723182678,
  "best_threshold_cls0": 0.5,
  "best_threshold_cls1": 0.5,
  "best_threshold_cls2": 0.27499999999999997,
  "best_threshold_cls3": 0.35,
  "best_threshold_cls4": 0.425,
  "best_precision_cls0": 0.8351204078045351,
  "best_precision_cls1": 0.773914571981016,
  "best_precision_cls2": 0.04535828950064895,
  "best_precision_cls3": 0.1342596146465034,
  "best_precision_cls4": 0.32455172413793104,
  "best_recall_cls0": 1.0,
  "best_recall_cls1": 1.0,
  "best_recall_cls2": 0.5612848689771767,
  "best_recall_cls3": 0.9342948717948718,
  "best_recall_cls4": 0.502455690796498,
  "best_f1_cls0": 0.9101532567049808,
  "best_f1_cls1": 0.8725499910818685,
  "best_f1_cls2": 0.08393376311465049,
  "best_f1_cls3": 0.23478085777568963,
  "best_f1_cls4": 0.3943685577809436,
  "best_pred_pos_cls0": 28445,
  "best_pred_pos_cls1": 28445,
  "best_pred_pos_cls2": 14639,
  "best_pred_pos_cls3": 26054,
  "best_pred_pos_cls4": 7250,
  "tail_recall": 0.23510570147341447,
  "cka": 0.7407557368278503,
  "variant_recall": 1.0
}