{
  "macro_f1": 0.419007768483024,
  "micro_f1": 0.8169568587828481,
  "avg_map": 0.4467302749359422,
  "recall_cls0": 1.0,
  "recall_cls1": 1.0,
  "recall_cls2": 0.0,
  "recall_cls3": 0.0,
  "recall_cls4": 0.24087123638693145,
  "precision_cls0": 0.8351204078045351,
  "precision_cls1": 0.773914571981016,
  "precision_cls2": 0.0,
  "precision_cls3": 0.0,
  "precision_cls4": 0.4440944881889764,
  "f1_cls0": 0.9101532567049808,
  "f1_cls1": 0.8725499910818685,
  "f1_cls2": 0.0,
  "f1_cls3": 0.0,
  "f1_cls4": 0.3123355946282708,
  "support_cls0": 23755,
  "support_cls1": 22014,
  "support_cls2": 1183,
  "support_cls3": 3744,
  "support_cls4": 4683,
  "pred_pos_cls0": 28445,
  "pred_pos_cls1": 28445,
  "pred_pos_cls2": 0,
  "pred_pos_cls3": 0,
  "pred_pos_cls4": 2540,
  "prob_mean_cls0": 0.6805397272109985,
  "prob_mean_cls1": 0.6544589400291443,
  "prob_mean_cls2": 0.2792452871799469,
  "prob_mean_cls3": 0.3860304057598114,
  "prob_mean_cls4": 0.35716190934181213,
  "prob_pos_mean_cls0": 0.6831228137016296,
  "prob_pos_mean_cls1": 0.6553090810775757,
  "prob_pos_mean_cls2": 0.27973824739456177,
  "prob_pos_mean_cls3": 0.38865047693252563,
  "prob_pos_mean_cls4": 0.4180521070957184,
  "best_threshold_cls0": 0.5,
  "best_threshold_cls1": 0.5,
  "best_threshold_cls2": 0.27499999999999997,
  "best_threshold_cls3": 0.35,
  "best_threshold_cls4": 0.425,
  "best_precision_cls0": 0.8351204078045351,
  "best_precision_cls1": 0.773914571981016,
  "best_precision_cls2": 0.04537418974661167,
  "best_precision_cls3": 0.13424709689701123,
  "best_precision_cls4": 0.32143815401126913,
  "best_recall_cls0": 1.0,
  "best_recall_cls1": 1.0,
  "best_recall_cls2": 0.5857988165680473,
  "best_recall_cls3": 0.9417735042735043,
  "best_recall_cls4": 0.5116378389920991,
  "best_f1_cls0": 0.9101532567049808,
  "best_f1_cls1": 0.8725499910818685,
  "best_f1_cls2": 0.08422459893048129,
  "best_f1_cls3": 0.23499616781632174,
  "best_f1_cls4": 0.39482573947433475,
  "best_pred_pos_cls0": 28445,
  "best_pred_pos_cls1": 28445,
  "best_pred_pos_cls2": 15273,
  "best_pred_pos_cls3": 26265,
  "best_pred_pos_cls4": 7454,
  "tail_recall": 0.24087123638693145,
  "variant_recall": 1.0
}