{
  "macro_f1": 0.4062342365236704,
  "micro_f1": 0.704365460561426,
  "avg_map": 0.4291208633031259,
  "recall_cls0": 1.0,
  "recall_cls1": 1.0,
  "recall_cls2": 0.005917159763313609,
  "recall_cls3": 0.9898504273504274,
  "recall_cls4": 0.0025624599615631004,
  "precision_cls0": 0.8351204078045351,
  "precision_cls1": 0.773914571981016,
  "precision_cls2": 0.030434782608695653,
  "precision_cls3": 0.13234296325393707,
  "precision_cls4": 0.36363636363636365,
  "f1_cls0": 0.9101532567049808,
  "f1_cls1": 0.8725499910818685,
  "f1_cls2": 0.009907997169143666,
  "f1_cls3": 0.2334708791381863,
  "f1_cls4": 0.005089058524173028,
  "support_cls0": 23755,
  "support_cls1": 22014,
  "support_cls2": 1183,
  "support_cls3": 3744,
  "support_cls4": 4683,
  "pred_pos_cls0": 28445,
  "pred_pos_cls1": 28445,
  "pred_pos_cls2": 230,
  "pred_pos_cls3": 28003,
  "pred_pos_cls4": 33,
  "prob_mean_cls0": 0.7024926543235779,
  "prob_mean_cls1": 0.6846084594726562,
  "prob_mean_cls2": 0.4493619203567505,
  "prob_mean_cls3": 0.5373326539993286,
  "prob_mean_cls4": 0.4333479404449463,
  "prob_pos_mean_cls0": 0.7046560049057007,
  "prob_pos_mean_cls1": 0.684554934501648,
  "prob_pos_mean_cls2": 0.4542100727558136,
  "prob_pos_mean_cls3": 0.5406253337860107,
  "prob_pos_mean_cls4": 0.44304129481315613,
  "best_threshold_cls0": 0.5,
  "best_threshold_cls1": 0.5,
  "best_threshold_cls2": 0.44999999999999996,
  "best_threshold_cls3": 0.5,
  "best_threshold_cls4": 0.44999999999999996,
  "best_precision_cls0": 0.8351204078045351,
  "best_precision_cls1": 0.773914571981016,
  "best_precision_cls2": 0.06028271773825809,
  "best_precision_cls3": 0.13234296325393707,
  "best_precision_cls4": 0.27519762845849804,
  "best_recall_cls0": 1.0,
  "best_recall_cls1": 1.0,
  "best_recall_cls2": 0.558748943364328,
  "best_recall_cls3": 0.9898504273504274,
  "best_recall_cls4": 0.35682254964766175,
  "best_f1_cls0": 0.9101532567049808,
  "best_f1_cls1": 0.8725499910818685,
  "best_f1_cls2": 0.10882449785973,
  "best_f1_cls3": 0.2334708791381863,
  "best_f1_cls4": 0.3107391910739191,
  "best_pred_pos_cls0": 28445,
  "best_pred_pos_cls1": 28445,
  "best_pred_pos_cls2": 10965,
  "best_pred_pos_cls3": 28003,
  "best_pred_pos_cls4": 6072,
  "tail_recall": 0.0025624599615631004,
  "cka": 0.8922344446182251,
  "variant_recall": 1.0
}