{
  "macro_f1": 0.40620218960524523,
  "micro_f1": 0.7040234380555516,
  "avg_map": 0.4291741677133639,
  "recall_cls0": 1.0,
  "recall_cls1": 1.0,
  "recall_cls2": 0.005917159763313609,
  "recall_cls3": 0.9919871794871795,
  "recall_cls4": 0.0025624599615631004,
  "precision_cls0": 0.8351204078045351,
  "precision_cls1": 0.773914571981016,
  "precision_cls2": 0.028925619834710745,
  "precision_cls3": 0.13225553735488926,
  "precision_cls4": 0.36363636363636365,
  "f1_cls0": 0.9101532567049808,
  "f1_cls1": 0.8725499910818685,
  "f1_cls2": 0.009824561403508772,
  "f1_cls3": 0.23339408031169484,
  "f1_cls4": 0.005089058524173028,
  "support_cls0": 23755,
  "support_cls1": 22014,
  "support_cls2": 1183,
  "support_cls3": 3744,
  "support_cls4": 4683,
  "pred_pos_cls0": 28445,
  "pred_pos_cls1": 28445,
  "pred_pos_cls2": 242,
  "pred_pos_cls3": 28082,
  "pred_pos_cls4": 33,
  "prob_mean_cls0": 0.7032601237297058,
  "prob_mean_cls1": 0.6853622794151306,
  "prob_mean_cls2": 0.45079511404037476,
  "prob_mean_cls3": 0.5383922457695007,
  "prob_mean_cls4": 0.4336893558502197,
  "prob_pos_mean_cls0": 0.7054047584533691,
  "prob_pos_mean_cls1": 0.6853034496307373,
  "prob_pos_mean_cls2": 0.455583781003952,
  "prob_pos_mean_cls3": 0.5416392683982849,
  "prob_pos_mean_cls4": 0.4434513449668884,
  "best_threshold_cls0": 0.5,
  "best_threshold_cls1": 0.5,
  "best_threshold_cls2": 0.44999999999999996,
  "best_threshold_cls3": 0.5,
  "best_threshold_cls4": 0.44999999999999996,
  "best_precision_cls0": 0.8351204078045351,
  "best_precision_cls1": 0.773914571981016,
  "best_precision_cls2": 0.05800162469536962,
  "best_precision_cls3": 0.13225553735488926,
  "best_precision_cls4": 0.2755398001933613,
  "best_recall_cls0": 1.0,
  "best_recall_cls1": 1.0,
  "best_recall_cls2": 0.6035502958579881,
  "best_recall_cls3": 0.9919871794871795,
  "best_recall_cls4": 0.3651505445227418,
  "best_f1_cls0": 0.9101532567049808,
  "best_f1_cls1": 0.8725499910818685,
  "best_f1_cls2": 0.10583265396872453,
  "best_f1_cls3": 0.23339408031169484,
  "best_f1_cls4": 0.3140784277711452,
  "best_pred_pos_cls0": 28445,
  "best_pred_pos_cls1": 28445,
  "best_pred_pos_cls2": 12310,
  "best_pred_pos_cls3": 28082,
  "best_pred_pos_cls4": 6206,
  "tail_recall": 0.0025624599615631004,
  "variant_recall": 1.0
}