{
  "macro_f1": 0.5237125613413778,
  "micro_f1": 0.617840582100768,
  "avg_map": 0.4640017449360478,
  "recall_cls0": 1.0,
  "recall_cls1": 1.0,
  "recall_cls2": 1.0,
  "recall_cls3": 1.0,
  "precision_cls0": 0.8399724181827826,
  "precision_cls1": 0.7783907070492759,
  "precision_cls2": 0.0397284251843208,
  "precision_cls3": 0.12995279265899326,
  "f1_cls0": 0.9130271844100435,
  "f1_cls1": 0.8753877356239561,
  "f1_cls2": 0.07642077339047036,
  "f1_cls3": 0.23001455194104117,
  "support_cls0": 15836,
  "support_cls1": 14675,
  "support_cls2": 749,
  "support_cls3": 2450,
  "pred_pos_cls0": 18853,
  "pred_pos_cls1": 18853,
  "pred_pos_cls2": 18853,
  "pred_pos_cls3": 18853,
  "prob_mean_cls0": 0.6520549058914185,
  "prob_mean_cls1": 0.6488181948661804,
  "prob_mean_cls2": 0.6673126220703125,
  "prob_mean_cls3": 0.7007570862770081,
  "prob_pos_mean_cls0": 0.6524298191070557,
  "prob_pos_mean_cls1": 0.648786187171936,
  "prob_pos_mean_cls2": 0.6702014803886414,
  "prob_pos_mean_cls3": 0.7013530135154724,
  "best_threshold_cls0": 0.5,
  "best_threshold_cls1": 0.5,
  "best_threshold_cls2": 0.65,
  "best_threshold_cls3": 0.5,
  "best_precision_cls0": 0.8399724181827826,
  "best_precision_cls1": 0.7783907070492759,
  "best_precision_cls2": 0.04037082951544225,
  "best_precision_cls3": 0.12995279265899326,
  "best_recall_cls0": 1.0,
  "best_recall_cls1": 1.0,
  "best_recall_cls2": 1.0,
  "best_recall_cls3": 1.0,
  "best_f1_cls0": 0.9130271844100435,
  "best_f1_cls1": 0.8753877356239561,
  "best_f1_cls2": 0.07760853797533934,
  "best_f1_cls3": 0.23001455194104117,
  "best_pred_pos_cls0": 18853,
  "best_pred_pos_cls1": 18853,
  "best_pred_pos_cls2": 18553,
  "best_pred_pos_cls3": 18853,
  "tail_recall": 1.0,
  "auroc": 0.46721178327056706,
  "fpr95": 0.921875,
  "variant_recall": 1.0
}