{
  "macro_f1": 0.41913808244519946,
  "micro_f1": 0.600661239290412,
  "avg_map": 0.432063052252518,
  "recall_cls0": 1.0,
  "recall_cls1": 1.0,
  "recall_cls2": 0.9932375316990701,
  "recall_cls3": 1.0,
  "recall_cls4": 0.0,
  "precision_cls0": 0.8351204078045351,
  "precision_cls1": 0.773914571981016,
  "precision_cls2": 0.041874554526015684,
  "precision_cls3": 0.1316224292494287,
  "precision_cls4": 0.0,
  "f1_cls0": 0.9101532567049808,
  "f1_cls1": 0.8725499910818685,
  "f1_cls2": 0.08036111206100605,
  "f1_cls3": 0.2326260523781416,
  "f1_cls4": 0.0,
  "support_cls0": 23755,
  "support_cls1": 22014,
  "support_cls2": 1183,
  "support_cls3": 3744,
  "support_cls4": 4683,
  "pred_pos_cls0": 28445,
  "pred_pos_cls1": 28445,
  "pred_pos_cls2": 28060,
  "pred_pos_cls3": 28445,
  "pred_pos_cls4": 0,
  "prob_mean_cls0": 0.6744556427001953,
  "prob_mean_cls1": 0.6534575819969177,
  "prob_mean_cls2": 0.515339195728302,
  "prob_mean_cls3": 0.5642306804656982,
  "prob_mean_cls4": 0.426552951335907,
  "prob_pos_mean_cls0": 0.6750369071960449,
  "prob_pos_mean_cls1": 0.6534995436668396,
  "prob_pos_mean_cls2": 0.5170240998268127,
  "prob_pos_mean_cls3": 0.5655699968338013,
  "prob_pos_mean_cls4": 0.43189969658851624,
  "best_threshold_cls0": 0.5,
  "best_threshold_cls1": 0.5,
  "best_threshold_cls2": 0.5,
  "best_threshold_cls3": 0.5499999999999999,
  "best_threshold_cls4": 0.05,
  "best_precision_cls0": 0.8351204078045351,
  "best_precision_cls1": 0.773914571981016,
  "best_precision_cls2": 0.041874554526015684,
  "best_precision_cls3": 0.13472747321991177,
  "best_precision_cls4": 0.1646335032518896,
  "best_recall_cls0": 1.0,
  "best_recall_cls1": 1.0,
  "best_recall_cls2": 0.9932375316990701,
  "best_recall_cls3": 0.9137286324786325,
  "best_recall_cls4": 1.0,
  "best_f1_cls0": 0.9101532567049808,
  "best_f1_cls1": 0.8725499910818685,
  "best_f1_cls2": 0.08036111206100605,
  "best_f1_cls3": 0.23482976386600768,
  "best_f1_cls4": 0.28272156483941074,
  "best_pred_pos_cls0": 28445,
  "best_pred_pos_cls1": 28445,
  "best_pred_pos_cls2": 28060,
  "best_pred_pos_cls3": 25392,
  "best_pred_pos_cls4": 28445,
  "tail_recall": 0.0,
  "variant_recall": 1.0
}