{
  "macro_f1": 0.4191442645289204,
  "micro_f1": 0.6008547059207056,
  "avg_map": 0.432027246714199,
  "recall_cls0": 1.0,
  "recall_cls1": 1.0,
  "recall_cls2": 0.9915469146238377,
  "recall_cls3": 1.0,
  "recall_cls4": 0.0,
  "precision_cls0": 0.8351204078045351,
  "precision_cls1": 0.773914571981016,
  "precision_cls2": 0.04189435336976321,
  "precision_cls3": 0.1316224292494287,
  "precision_cls4": 0.0,
  "f1_cls0": 0.9101532567049808,
  "f1_cls1": 0.8725499910818685,
  "f1_cls2": 0.08039202247961072,
  "f1_cls3": 0.2326260523781416,
  "f1_cls4": 0.0,
  "support_cls0": 23755,
  "support_cls1": 22014,
  "support_cls2": 1183,
  "support_cls3": 3744,
  "support_cls4": 4683,
  "pred_pos_cls0": 28445,
  "pred_pos_cls1": 28445,
  "pred_pos_cls2": 27999,
  "pred_pos_cls3": 28445,
  "pred_pos_cls4": 0,
  "prob_mean_cls0": 0.6743166446685791,
  "prob_mean_cls1": 0.6534690260887146,
  "prob_mean_cls2": 0.5151460766792297,
  "prob_mean_cls3": 0.5639733076095581,
  "prob_mean_cls4": 0.4264281392097473,
  "prob_pos_mean_cls0": 0.6749026775360107,
  "prob_pos_mean_cls1": 0.653509795665741,
  "prob_pos_mean_cls2": 0.5168435573577881,
  "prob_pos_mean_cls3": 0.5653254985809326,
  "prob_pos_mean_cls4": 0.43178048729896545,
  "best_threshold_cls0": 0.5,
  "best_threshold_cls1": 0.5,
  "best_threshold_cls2": 0.5,
  "best_threshold_cls3": 0.5499999999999999,
  "best_threshold_cls4": 0.05,
  "best_precision_cls0": 0.8351204078045351,
  "best_precision_cls1": 0.773914571981016,
  "best_precision_cls2": 0.04189435336976321,
  "best_precision_cls3": 0.1353133994243684,
  "best_precision_cls4": 0.1646335032518896,
  "best_recall_cls0": 1.0,
  "best_recall_cls1": 1.0,
  "best_recall_cls2": 0.9915469146238377,
  "best_recall_cls3": 0.9041132478632479,
  "best_recall_cls4": 1.0,
  "best_f1_cls0": 0.9101532567049808,
  "best_f1_cls1": 0.8725499910818685,
  "best_f1_cls2": 0.08039202247961072,
  "best_f1_cls3": 0.23539638386648123,
  "best_f1_cls4": 0.28272156483941074,
  "best_pred_pos_cls0": 28445,
  "best_pred_pos_cls1": 28445,
  "best_pred_pos_cls2": 27999,
  "best_pred_pos_cls3": 25016,
  "best_pred_pos_cls4": 28445,
  "tail_recall": 0.0,
  "cka": 0.9278120994567871,
  "variant_recall": 1.0
}